,Max_Amplitude,Dominant_Freq,Entropy,Mean,Median,STD,Kurtosis,Skewness,IQR,First_Percentile,Second_Percentile,Third_Percentile,MFCC1,MFCC2,MFCC3,MFCC4,MFCC5,MFCC6,MFCC7,MFCC8,MFCC9,MFCC10,MFCC11,MFCC12,MFCC13,Label
0,32767.0,59.0,7.536079515956213,5.147375106811523,17.0,3288.34619140625,37.82295124771317,2.879942827625495,1152.25,-555.25,17.0,597.0,827.441650390625,138.59494018554688,27.87967300415039,45.40013885498047,8.244888305664062,27.06360626220703,-2.519268035888672,11.252497673034668,1.5601952075958252,11.784122467041016,1.1262253522872925,5.364222526550293,2.1531639099121094,extrasystole
1,12883.0,41.5,7.522977625120867,-4.684062480926514,-20.0,1865.6453857421875,10.407062243626877,-0.14100530421123988,1235.25,-622.0,-20.0,613.25,797.5707397460938,132.8375244140625,21.485475540161133,52.281219482421875,10.570456504821777,26.82477569580078,-3.3854594230651855,11.03805923461914,-0.14537477493286133,7.627689361572266,-0.3001224994659424,2.287588119506836,1.841883659362793,extrasystole
2,14109.0,40.5,7.46400558628096,4.381750106811523,-3.0,1820.2889404296875,10.583724909284232,-0.049454834079407865,1090.25,-561.25,-3.0,529.0,794.7613525390625,136.3515625,16.05269432067871,53.588905334472656,16.616092681884766,24.653472900390625,-6.488186359405518,12.343353271484375,1.6812474727630615,7.5892486572265625,-0.6022760272026062,-0.7680898904800415,-0.950545608997345,extrasystole
3,14939.0,51.75,7.352930620415214,12.174437522888184,24.0,1717.6903076171875,13.224325010538838,-0.18519283791705313,890.0,-406.0,24.0,484.0,814.5184326171875,124.83792114257812,28.659481048583984,45.67189025878906,0.41590553522109985,23.915668487548828,-8.686803817749023,6.201326847076416,-5.529012203216553,8.277273178100586,1.7238376140594482,8.340700149536133,6.345411777496338,extrasystole
4,32764.0,41.5,7.469936836803651,0.6136875152587891,-15.0,3553.33203125,23.096822033687864,1.589488391342117,1004.25,-519.25,-15.0,485.0,839.2774047851562,133.40792846679688,24.166786193847656,38.15748596191406,7.458522319793701,32.96672058105469,-3.7637083530426025,10.263365745544434,-0.5811847448348999,9.088865280151367,-0.2734149396419525,2.46627140045166,0.609644889831543,extrasystole
5,32764.0,41.0,7.430518697913609,-4.2191877365112305,-23.0,3544.903076171875,24.27725869402776,1.7634619730599546,1011.25,-530.0,-23.0,481.25,831.3722534179688,134.23068237304688,18.28268814086914,38.8776969909668,9.901863098144531,35.9521369934082,-1.1666007041931152,12.302111625671387,0.5906381607055664,11.167065620422363,0.3261982798576355,4.357804298400879,0.30121493339538574,extrasystole
6,10524.0,78.0,7.315461679158122,0.8291249871253967,18.0,1358.9599609375,14.335415708337923,-0.4809391066599962,990.25,-489.25,18.0,501.0,786.4744873046875,125.27310180664062,19.145343780517578,32.801109313964844,10.656205177307129,34.30009460449219,-4.5424652099609375,8.722694396972656,-0.33803465962409973,12.005353927612305,3.829949140548706,3.2904045581817627,0.3482702374458313,extrasystole
7,32767.0,57.75,8.025025876456944,23.350812911987305,-39.0,6095.04296875,13.012758492368075,0.2808467096441209,2365.25,-1218.25,-39.0,1147.0,878.1768798828125,151.1891326904297,23.45530891418457,49.08747100830078,12.243621826171875,25.44710922241211,5.806120872497559,11.737100601196289,3.1748969554901123,6.305052280426025,-0.4444670081138611,-1.9740054607391357,-2.671466112136841,extrasystole
8,32767.0,57.25,7.464190047625257,-1.5181875228881836,0.5,4626.61962890625,22.831797356018264,1.5777481075975415,1009.0,-510.0,0.5,499.0,868.43359375,131.7562255859375,37.74561309814453,47.039459228515625,5.185551166534424,17.476577758789062,-2.4115710258483887,14.817001342773438,0.00611114501953125,6.128163814544678,-3.200199842453003,3.3200058937072754,-4.943578243255615,extrasystole
9,32767.0,43.0,7.635209135898237,-2.0348124504089355,3.0,4526.18408203125,18.57329499952236,2.0274580203991106,1260.0,-643.0,3.0,617.0,876.9251708984375,129.72308349609375,32.26344680786133,44.219268798828125,7.109470367431641,18.35799217224121,-1.4288716316223145,16.492694854736328,4.926152229309082,9.926729202270508,-2.4444215297698975,2.3577942848205566,-3.1542577743530273,extrasystole
10,19957.0,23.75,7.149715643606089,-34.56843566894531,-51.0,1746.051513671875,18.13893714461999,0.9429825185645264,673.0,-380.0,-51.0,293.0,817.5572509765625,133.65585327148438,25.443283081054688,38.68348693847656,-1.7651164531707764,27.41480255126953,-5.055399417877197,13.302946090698242,1.1587616205215454,7.734429359436035,0.6143473982810974,1.535575032234192,-1.9362316131591797,extrasystole
11,28913.0,86.5,7.619404842250985,24.325937271118164,37.5,3295.405029296875,15.597068322008475,0.8686492364926405,1386.25,-701.25,37.5,685.0,813.3477783203125,138.65924072265625,36.50288009643555,49.403709411621094,12.253020286560059,28.921401977539062,-4.920536994934082,11.794179916381836,-3.0831995010375977,9.006274223327637,0.22048982977867126,1.5949721336364746,-3.7550299167633057,extrasystole
12,29531.0,64.0,7.654639583678901,-5.580749988555908,-2.5,3333.145263671875,16.016186384817875,0.7865830214098585,1417.0,-715.0,-2.5,702.0,800.867919921875,143.70852661132812,39.25545120239258,48.84947204589844,11.02160930633545,28.986854553222656,-3.3517911434173584,12.272943496704102,-0.46445372700691223,8.800800323486328,-0.6284521222114563,1.6779239177703857,-3.316659450531006,extrasystole
13,32767.0,75.25,8.145235369574594,-14.243687629699707,76.0,7176.8896484375,10.865873229375891,-0.1716134838115484,2870.0,-1351.0,76.0,1519.0,902.8631591796875,153.23040771484375,34.38058853149414,42.586612701416016,0.5604420304298401,18.384214401245117,-0.28546327352523804,7.956196308135986,3.2152628898620605,8.257848739624023,0.7396883964538574,1.2156400680541992,-2.1589949131011963,extrasystole
14,32767.0,72.25,8.159261023620443,21.40193748474121,38.0,7278.27978515625,10.2047262194213,-0.11483781143523915,2916.25,-1435.0,38.0,1481.25,900.2626953125,150.7989959716797,29.401456832885742,44.325653076171875,4.0567626953125,22.842823028564453,-0.5403786897659302,9.647953033447266,1.2585595846176147,9.135581016540527,-0.08339452743530273,1.950912594795227,-0.9836190342903137,extrasystole
15,32767.0,71.75,8.214179124303786,4.353250026702881,95.0,7098.0361328125,10.598253124786927,-0.08976270701098289,3382.75,-1603.5,95.0,1779.25,900.7313232421875,150.99594116210938,28.619142532348633,43.55197525024414,4.378739833831787,21.366073608398438,-0.20758655667304993,10.409399032592773,1.7825157642364502,8.41235065460205,1.733012318611145,3.3146438598632812,-0.5949006676673889,extrasystole
16,15311.0,67.25,7.417489355046985,-4.0135626792907715,-15.0,2017.864990234375,11.295809052233277,0.22361614452781067,985.0,-502.0,-15.0,483.0,810.702392578125,127.27313995361328,32.812068939208984,31.57063865661621,4.653919219970703,34.2661018371582,1.0888808965682983,13.302360534667969,2.9918129444122314,10.210186004638672,0.3238077163696289,3.454488754272461,-2.191796064376831,extrasystole
17,13476.0,66.75,7.405757545250274,13.867375373840332,5.0,2140.144287109375,9.933611642950243,0.3959360964668948,995.0,-498.0,5.0,497.0,811.7855224609375,130.02908325195312,29.431373596191406,30.267242431640625,8.521211624145508,35.991851806640625,-0.4166259169578552,15.318151473999023,6.050887107849121,10.52060604095459,-0.4991954565048218,2.299325704574585,-3.2211790084838867,extrasystole
18,13589.0,65.25,7.415240113409541,0.22862499952316284,-7.0,2131.48779296875,10.429753968820625,0.3159474153391514,990.0,-499.0,-7.0,491.0,815.9246826171875,135.88861083984375,32.301856994628906,25.564346313476562,4.644176006317139,31.737499237060547,-1.3098671436309814,13.909538269042969,3.6212151050567627,9.361001968383789,-0.9944682121276855,3.5268845558166504,-2.3728318214416504,extrasystole
19,10209.0,48.25,7.526314626859857,3.195437431335449,-22.0,1613.2108154296875,6.130208528505825,0.26466418669305,1206.0,-641.0,-22.0,565.0,839.2460327148438,122.30850219726562,22.287561416625977,28.469276428222656,4.141280174255371,30.097183227539062,-3.3722338676452637,8.185434341430664,-2.9545671939849854,6.255000114440918,1.4077656269073486,-0.6034274101257324,-3.818657875061035,extrasystole
20,8117.0,49.75,7.459869122179819,4.966249942779541,-3.0,1398.3447265625,6.893672289198825,-0.10614277329192617,1099.0,-553.0,-3.0,546.0,834.7642822265625,123.84367370605469,23.27178955078125,25.988222122192383,-0.8850897550582886,24.089162826538086,-5.023573875427246,8.397411346435547,-4.827665328979492,5.465269088745117,0.49012309312820435,0.29052576422691345,-1.2358009815216064,extrasystole
21,32767.0,62.0,7.728711647340047,-0.26881250739097595,8.0,4960.63671875,19.824828822775963,1.4467268711157149,1473.0,-722.0,8.0,751.0,870.3763427734375,159.40350341796875,30.958221435546875,27.121746063232422,15.06753158569336,24.436412811279297,-3.979383707046509,8.218249320983887,-6.283675193786621,5.122783660888672,-4.112520217895508,-0.24445100128650665,-2.895885705947876,extrasystole
22,32767.0,28.75,7.556774157687418,10.993812561035156,41.0,3384.668701171875,31.207645652098563,0.12917370552110752,1195.5,-553.25,41.0,642.25,851.8807373046875,116.48958587646484,32.477928161621094,45.328861236572266,8.72479248046875,24.455657958984375,1.8591420650482178,5.727084159851074,-3.5997273921966553,5.440058708190918,3.4881296157836914,4.564823150634766,-4.925457000732422,extrasystole
23,32766.0,28.5,7.5724679276894,10.640375137329102,36.5,3618.599365234375,29.840546853678823,0.283713982498639,1165.0,-568.0,36.5,597.0,865.2716064453125,124.42950439453125,32.04705047607422,40.548038482666016,6.887366771697998,22.210981369018555,1.6282795667648315,3.1564126014709473,-4.728700637817383,4.554836273193359,1.9310274124145508,2.9165496826171875,-4.383544445037842,extrasystole
24,12446.0,42.0,7.350157008503434,13.27400016784668,-3.5,1683.6475830078125,16.3584560721093,0.2881227605010351,931.25,-463.0,-3.5,468.25,845.2608642578125,111.04246520996094,18.796913146972656,33.544517517089844,6.711276054382324,25.864864349365234,4.440363883972168,12.081555366516113,-1.4236035346984863,6.738783836364746,0.6521993279457092,-4.349545478820801,-1.8851711750030518,extrasystole
25,13439.0,78.0,7.272678128595762,3.536562442779541,-4.0,1746.455322265625,17.17680303757593,0.6085177037716629,869.0,-451.0,-4.0,418.0,848.467041015625,108.22019958496094,15.708749771118164,37.163818359375,4.308077812194824,22.588886260986328,4.09257698059082,15.365042686462402,-1.8193073272705078,6.141978740692139,0.6746329665184021,-2.0812182426452637,-0.3781304359436035,extrasystole
26,32767.0,67.75,7.902096851326621,16.31512451171875,31.5,4866.67236328125,20.778270447615785,-0.4397803961688917,1866.0,-921.0,31.5,945.0,850.7979736328125,139.96932983398438,35.8552360534668,46.60835266113281,6.1994218826293945,20.669017791748047,-2.6993141174316406,12.027362823486328,3.122910976409912,11.558662414550781,-2.3610010147094727,-0.10668659210205078,1.9430323839187622,extrasystole
27,26525.0,80.5,7.659119741130631,-18.436561584472656,-57.0,3462.92138671875,14.75170553441605,0.5814965749594001,1196.25,-648.25,-57.0,548.0,871.9163208007812,140.38528442382812,33.607810974121094,33.52975082397461,0.3732515573501587,28.272796630859375,0.18967601656913757,6.9803571701049805,-6.452152252197266,5.877495765686035,0.6671847701072693,0.8937062621116638,-3.329923152923584,extrasystole
28,24026.0,77.25,7.550494256191813,-16.397499084472656,-30.0,3605.02392578125,15.507599349057806,0.07639289096302236,1064.25,-586.0,-30.0,478.25,861.660888671875,138.87985229492188,35.633914947509766,39.748863220214844,3.3558285236358643,28.059329986572266,2.247263193130493,9.177558898925781,-7.671395301818848,2.516634464263916,0.4677981436252594,3.1860809326171875,-2.496260643005371,extrasystole
29,27576.0,60.25,7.938313783113713,-3.0628750324249268,5.0,4203.6259765625,16.849104340742254,-1.020530747962241,1958.25,-991.0,5.0,967.25,808.6664428710938,156.69711303710938,19.81296157836914,60.85567855834961,7.397651672363281,40.580692291259766,-4.831666469573975,16.157577514648438,-1.6416845321655273,14.233119010925293,-0.8308655023574829,2.9167518615722656,2.850773334503174,extrasystole
30,27950.0,54.5,7.544964912476928,-21.76393699645996,-78.5,2449.91259765625,19.214104342602564,0.8606572701571513,1259.0,-698.0,-78.5,561.0,818.5904541015625,150.66775512695312,-0.972348690032959,28.678335189819336,12.377058029174805,31.84925079345703,3.3726720809936523,13.438618659973145,2.01857328414917,13.891264915466309,4.566728115081787,4.792734146118164,0.12281177937984467,extrasystole
31,8622.0,55.25,7.022404352927449,0.23081250488758087,14.0,1054.716064453125,17.048553238093998,-0.7836402378036532,665.0,-322.0,14.0,343.0,773.96337890625,134.56639099121094,18.78814125061035,33.613521575927734,0.36690276861190796,28.084617614746094,3.318493366241455,11.814474105834961,-0.7767239809036255,8.426240921020508,-4.262429237365723,-0.4909919500350952,-1.3129351139068604,extrasystole
32,26610.0,54.5,7.015091455670425,4.6897501945495605,12.0,1229.20703125,69.10040519520413,-1.0934176356695209,596.25,-280.0,12.0,316.25,773.8338623046875,133.7283935546875,24.057674407958984,36.53277587890625,-1.1716173887252808,25.233482360839844,-0.5180677175521851,11.801989555358887,1.4591445922851562,8.490569114685059,-6.5130109786987305,-0.8626606464385986,-0.09480668604373932,extrasystole
33,12282.0,48.0,7.08897133531637,-3.5946249961853027,2.0,1188.02099609375,17.367352969957224,-0.12230168924861172,680.0,-342.0,2.0,338.0,775.1463623046875,135.1067352294922,21.935083389282227,34.245689392089844,3.033071517944336,28.099769592285156,0.32211834192276,12.255342483520508,-0.5412938594818115,8.794927597045898,-5.814122200012207,-1.063195824623108,-0.803913950920105,extrasystole
34,32767.0,86.75,7.664649939040601,8.744812965393066,50.5,4236.48876953125,24.43242669345661,1.3282025966289392,1403.0,-671.0,50.5,732.0,884.3002319335938,146.194091796875,15.060437202453613,26.813282012939453,6.811367988586426,23.931961059570312,0.7873163819313049,9.423845291137695,-1.952388048171997,6.996686935424805,2.5857133865356445,1.8415440320968628,-2.380965232849121,extrasystole
35,17951.0,29.75,7.2942147226999765,-26.50168800354004,-43.0,2034.819091796875,17.183382838616446,1.1168420058558863,822.25,-447.0,-43.0,375.25,847.150634765625,115.59629821777344,26.927907943725586,41.65812683105469,1.0922086238861084,15.639524459838867,2.0525827407836914,18.64482879638672,-0.6954049468040466,2.6231651306152344,-1.746600866317749,1.0720692873001099,2.1153602600097656,extrasystole
36,32767.0,46.0,8.008539079104908,-0.031437501311302185,6.0,6019.08740234375,12.190102838421263,0.438318897537716,2159.0,-1044.0,6.0,1115.0,928.9503173828125,159.46388244628906,4.3143486976623535,40.326271057128906,1.1845537424087524,11.600418090820312,0.5952560901641846,10.087657928466797,1.3978664875030518,13.234573364257812,3.3362488746643066,1.9933055639266968,-2.857125997543335,extrasystole
37,32767.0,65.25,8.017697200910556,16.07256317138672,68.5,6225.9912109375,11.578453366531836,0.4406615030758205,2290.0,-1112.0,68.5,1178.0,941.4972534179688,154.01425170898438,9.315948486328125,36.46684265136719,6.6816935539245605,12.935637474060059,-3.918617010116577,1.1848506927490234,6.141812324523926,10.606311798095703,0.7956802845001221,1.8123033046722412,-4.3539958000183105,extrasystole
38,18039.0,74.75,6.8174943002314325,-20.375375747680664,-26.0,1281.348388671875,40.08076740062466,0.18203745141943084,506.0,-287.0,-26.0,219.0,839.190673828125,88.26988220214844,12.435606956481934,38.955997467041016,-1.9864153861999512,16.819347381591797,2.527320146560669,15.980535507202148,2.792203664779663,7.79364013671875,0.9919718503952026,-2.6737112998962402,-5.154856204986572,extrasystole
39,9743.0,21.5,6.589200537442199,-7.735374927520752,-5.0,772.9756469726562,27.679503539907227,1.820697741687651,394.0,-211.0,-5.0,183.0,782.548828125,122.88652038574219,21.778413772583008,30.345287322998047,-10.184951782226562,15.10146713256836,-7.176260471343994,8.010499000549316,-1.7260076999664307,8.569008827209473,-8.355829238891602,-3.631808280944824,1.1767419576644897,extrasystole
40,21860.0,48.75,6.820287273401777,-27.336063385009766,-29.0,1737.42919921875,46.45453226902089,0.9137324047207382,490.0,-278.0,-29.0,212.0,795.7476196289062,148.04246520996094,17.70318603515625,23.726837158203125,-3.030996322631836,19.56267738342285,-5.307655334472656,8.45810317993164,-1.6906154155731201,8.996423721313477,1.488863468170166,4.350554466247559,4.142703056335449,extrasystole
41,26343.0,71.75,7.954656969352868,0.7059375047683716,14.5,3711.69580078125,7.253419275304937,-0.3500449748166765,1846.0,-940.0,14.5,906.0,907.6719970703125,155.6080322265625,19.988019943237305,22.16152572631836,-22.36376953125,8.185554504394531,-14.007957458496094,3.627410888671875,-2.039396047592163,9.464225769042969,0.5695162415504456,5.887282848358154,-1.156955599784851,extrasystole
42,32767.0,65.75,7.938982525271874,22.34987449645996,86.0,6730.50830078125,11.240807553834054,0.1265004297006903,1883.25,-911.25,86.0,972.0,889.377197265625,165.6014404296875,24.101333618164062,38.77985763549805,16.536373138427734,27.030261993408203,2.452406883239746,8.513778686523438,-2.7957448959350586,4.058526039123535,-5.530195236206055,-6.589475631713867,-8.026274681091309,extrasystole
43,32767.0,50.5,7.940367082864715,-2.3318123817443848,-25.0,6336.14013671875,11.861091170514182,0.3450724980077444,1933.25,-985.25,-25.0,948.0,879.8632202148438,168.13015747070312,24.301687240600586,40.616729736328125,18.627029418945312,27.259780883789062,2.747840166091919,8.817510604858398,-4.92219352722168,3.9747555255889893,-4.571938514709473,-7.203579902648926,-9.736919403076172,extrasystole
44,26122.0,33.75,7.382890350127126,-1.7946250438690186,-1.0,2720.209716796875,22.978812505630696,-0.9078114483349394,855.25,-421.25,-1.0,434.0,834.470458984375,108.114013671875,20.301616668701172,33.97980499267578,11.498160362243652,28.81690216064453,-1.840582013130188,19.560775756835938,5.395262718200684,9.415003776550293,2.5093600749969482,-0.650145411491394,-4.212413311004639,extrasystole
45,17536.0,33.75,7.340645130870903,-26.06024932861328,-29.0,2381.91015625,19.82218576803549,-1.1191338584980433,813.0,-422.0,-29.0,391.0,804.6439208984375,92.65153503417969,32.90998077392578,47.18977737426758,16.569679260253906,26.68842887878418,-6.0245561599731445,17.482364654541016,5.638491153717041,9.90756893157959,6.210366725921631,3.857290267944336,-2.975857973098755,extrasystole
46,14900.0,30.5,7.342760518570639,-27.763124465942383,-50.0,1954.6309814453125,19.34179788111195,0.02920192358808004,887.0,-473.0,-50.0,414.0,787.823486328125,129.92027282714844,14.730862617492676,28.316390991210938,13.33130168914795,33.42390441894531,-4.088800430297852,18.450523376464844,4.742866516113281,10.413461685180664,-1.1562352180480957,3.243769645690918,0.10504287481307983,murmur
47,32767.0,70.25,8.035443288449812,20.847375869750977,115.0,6370.0849609375,14.980594681389618,0.12550316430987005,2329.5,-1073.25,115.0,1256.25,865.7788696289062,159.98922729492188,26.696470260620117,42.91390609741211,7.800726890563965,23.7655086517334,2.2999043464660645,14.641315460205078,3.2148337364196777,8.638760566711426,0.4801059067249298,2.312906265258789,0.22071212530136108,murmur
48,32767.0,66.0,7.931374419550867,13.23062515258789,77.0,5624.38720703125,18.580960292210754,0.4016829878235108,2047.5,-974.25,77.0,1073.25,865.4523315429688,151.180419921875,23.00518035888672,40.419010162353516,3.1246891021728516,24.04327392578125,-1.0407347679138184,17.212955474853516,5.400339126586914,9.813638687133789,0.9205681085586548,4.331782341003418,-1.1411070823669434,murmur
49,32496.0,87.75,7.523421431712084,-11.701062202453613,-15.0,3337.99755859375,33.14258802958582,-0.4766006919204383,1129.0,-579.0,-15.0,550.0,810.72216796875,146.876953125,22.99004554748535,42.773563385009766,8.264265060424805,22.851425170898438,-4.140523910522461,14.351600646972656,0.8373312950134277,10.147480010986328,1.8815308809280396,1.9258816242218018,-0.44726765155792236,murmur
50,32631.0,51.0,7.467892545073969,-15.432062149047852,-26.0,3435.281982421875,33.27258627882824,-0.577377836085594,1014.0,-524.0,-26.0,490.0,821.0592651367188,143.69476318359375,18.57404136657715,42.95431900024414,7.045705318450928,22.805814743041992,-2.3105030059814453,17.303524017333984,3.0257246494293213,11.740795135498047,1.4994903802871704,0.9103677868843079,-2.3032209873199463,murmur
51,32424.0,54.5,7.25683192726522,16.506061553955078,11.5,3015.291259765625,36.38750163466882,-0.20005874025329304,788.25,-382.0,11.5,406.25,804.460693359375,141.50022888183594,21.606760025024414,39.293426513671875,6.167904853820801,22.135013580322266,-4.837435722351074,14.481690406799316,2.5697364807128906,12.204488754272461,3.2211105823516846,2.4259238243103027,-1.797853708267212,murmur
52,16332.0,41.5,7.729251554040083,-11.982312202453613,-42.0,2104.87353515625,11.058843099474371,1.0090187757449043,1609.25,-857.0,-42.0,752.25,826.3953857421875,136.5296630859375,25.643903732299805,27.559852600097656,-7.460513591766357,27.744522094726562,-1.3897732496261597,16.667816162109375,2.2506256103515625,8.03062629699707,-0.39513030648231506,5.953198432922363,2.38063383102417,murmur
53,20850.0,41.0,7.719773880990218,1.1284375190734863,-14.0,2116.92724609375,16.78029319711688,1.140753575781328,1615.0,-833.0,-14.0,782.0,834.7291259765625,141.21249389648438,21.20729637145996,25.541255950927734,-8.105201721191406,25.974365234375,-1.4686810970306396,14.632949829101562,0.7487244606018066,8.562933921813965,0.5400558710098267,5.436739921569824,0.6250705718994141,murmur
54,5858.0,74.75,6.941080961838015,14.486937522888184,16.0,751.5218505859375,8.923213807197547,-0.11000298452459699,577.0,-266.0,16.0,311.0,792.898193359375,94.32173919677734,25.202144622802734,43.166221618652344,-7.79412841796875,17.722875595092773,-8.802360534667969,6.421475887298584,-2.6172056198120117,4.507998943328857,-6.113289833068848,3.369232654571533,1.3554182052612305,murmur
55,10304.0,66.0,6.968711368631442,22.148000717163086,28.0,841.2584838867188,12.693384572923199,0.13363348380841011,564.0,-251.0,28.0,313.0,787.858154296875,104.24884033203125,28.827913284301758,41.716739654541016,-6.368967056274414,19.056209564208984,-8.43571662902832,9.919866561889648,-3.2657041549682617,3.940735340118408,-5.906189918518066,3.5496368408203125,-0.2621638774871826,murmur
56,11024.0,57.5,7.060352832088764,14.263625144958496,19.0,905.7537841796875,14.450379760397798,-0.3313564934175253,658.0,-306.0,19.0,352.0,789.2976684570312,104.29008483886719,32.73897171020508,42.96211624145508,-6.019874572753906,19.538341522216797,-8.173898696899414,10.290830612182617,-4.56362247467041,2.684532642364502,-6.077646255493164,1.7170312404632568,0.4294812083244324,murmur
57,9959.0,58.25,7.038556251546299,32.05424880981445,38.0,895.966796875,13.768299166758318,0.11328989618172845,639.0,-280.0,38.0,359.0,790.6603393554688,102.0028076171875,32.56777572631836,46.434139251708984,-5.38309907913208,17.992340087890625,-9.432003021240234,8.127758026123047,-5.058126449584961,5.425446510314941,-6.769589900970459,2.3623132705688477,0.45087265968322754,murmur
58,6601.0,64.25,7.159974501206815,14.670312881469727,21.0,941.7985229492188,7.963601446191939,-0.41182968684917426,748.0,-352.0,21.0,396.0,807.0573120117188,108.30720520019531,26.978229522705078,42.16691970825195,-7.641121864318848,17.815608978271484,-10.071195602416992,7.5943803787231445,-5.184650897979736,3.7705397605895996,-5.6092729568481445,2.629148006439209,-1.1147100925445557,murmur
59,8754.0,66.75,7.1901867524636245,16.135313034057617,36.0,1073.2091064453125,10.321801458899253,-0.5310441905654246,758.0,-360.0,36.0,398.0,797.7092895507812,114.29776000976562,34.50433349609375,43.30039596557617,-7.7304792404174805,18.670652389526367,-9.608085632324219,7.788750171661377,-5.42694091796875,3.448207378387451,-6.801348686218262,1.1217186450958252,-0.012762635946273804,murmur
60,5955.0,58.25,7.153506142922997,7.695499897003174,13.0,930.0150756835938,7.222561480859765,-0.49965873756522905,735.0,-350.0,13.0,385.0,807.697509765625,108.73921203613281,23.601716995239258,41.26783752441406,-5.962467670440674,18.395355224609375,-11.105257034301758,8.379264831542969,-4.125214576721191,5.626175880432129,-5.181703567504883,0.6995179057121277,-0.3012107312679291,murmur
61,11691.0,24.5,7.101396635434517,7.541625022888184,0.0,1125.9339599609375,15.184573822285376,1.522166717354275,727.25,-373.0,0.0,354.25,780.8613891601562,113.32997131347656,29.343076705932617,45.01741027832031,0.3688211739063263,28.214214324951172,-0.11431646347045898,18.77005386352539,2.696870803833008,4.533377170562744,-4.380481719970703,0.5795512199401855,-0.3756483197212219,murmur
62,13267.0,52.25,7.613711472358817,-5.575125217437744,27.0,2314.325927734375,10.109827568723667,-0.37400377006953495,1254.25,-614.0,27.0,640.25,779.7114868164062,124.3902816772461,39.10603332519531,55.480140686035156,8.88271427154541,27.905658721923828,-3.2954013347625732,13.730646133422852,6.146439075469971,10.960671424865723,2.808007001876831,4.682147979736328,1.5697193145751953,murmur
63,15541.0,49.5,7.532142663749257,17.681249618530273,33.0,2391.697509765625,10.575761825560395,0.13314145525385393,1128.0,-550.0,33.0,578.0,783.4022216796875,126.79898071289062,31.05374526977539,49.52979278564453,10.499299049377441,33.4486083984375,-0.7648739814758301,11.685097694396973,3.2366769313812256,9.247123718261719,1.4532650709152222,4.656117916107178,1.868114709854126,murmur
64,15822.0,51.5,7.488740976913708,-1.4998124837875366,11.0,2557.905517578125,15.008490511597355,-0.458499507006219,1011.25,-478.0,11.0,533.25,794.916015625,136.43231201171875,27.905296325683594,42.83195495605469,8.787398338317871,34.579986572265625,0.08486425876617432,10.77800178527832,-0.5008070468902588,8.37449836730957,1.0918207168579102,2.5708439350128174,0.4229905903339386,murmur
65,32767.0,76.25,8.420248561185728,0.6754999756813049,-50.0,6410.7138671875,4.900675514286554,-0.1050225251377296,4693.25,-2292.25,-50.0,2401.0,917.2506103515625,177.8481903076172,7.048286437988281,42.834205627441406,-3.4929323196411133,18.35995864868164,-5.63243293762207,8.22339153289795,-6.171016693115234,2.14042067527771,-3.3729867935180664,-0.05437338352203369,-2.269562005996704,murmur
66,32764.0,56.5,8.28155911851781,8.812000274658203,-36.5,5120.99560546875,5.459421829733875,0.3358582417444811,3577.0,-1823.5,-36.5,1753.5,937.5180053710938,178.90625,-17.685203552246094,32.94728469848633,-7.582040309906006,16.201248168945312,-9.075583457946777,7.737353324890137,-7.008411407470703,1.9695314168930054,-4.055033206939697,0.5697159767150879,-2.02693510055542,murmur
67,32652.0,58.25,8.184403589302846,-0.05900000035762787,-32.0,3977.94580078125,5.695395058362944,0.3582857547981428,2967.5,-1515.25,-32.0,1452.25,910.546875,180.3984375,-8.982215881347656,27.222440719604492,-6.782163619995117,19.00762176513672,-10.23971176147461,8.883594512939453,-9.442193984985352,0.5724269151687622,-3.47176456451416,1.5256788730621338,-3.0248355865478516,murmur
68,32767.0,69.25,8.65436714096897,-5.933750152587891,-188.0,11535.9658203125,0.9601630903199463,0.15223389869606646,10319.75,-5412.25,-188.0,4907.5,1030.45849609375,174.15980529785156,-18.644893646240234,35.42352294921875,-4.553834438323975,11.440868377685547,-4.432990550994873,6.831507682800293,-2.1665701866149902,0.6424423456192017,-1.0197161436080933,-1.2745568752288818,-0.8308207988739014,murmur
69,32767.0,49.75,8.65828973151455,33.50037384033203,-161.0,12369.322265625,0.8272036783534138,0.05475314852236361,11082.0,-5571.0,-161.0,5511.0,1037.150390625,174.78419494628906,-14.655890464782715,30.807178497314453,-4.243398189544678,7.7891435623168945,-2.7436108589172363,3.8134617805480957,-1.7390995025634766,-1.5573780536651611,-0.6943809986114502,-0.5448260307312012,-1.0641974210739136,murmur
70,32767.0,50.75,8.646662674034845,-6.161125183105469,-173.5,11578.3076171875,0.9982474870870068,0.009839573253828886,10305.5,-5130.5,-173.5,5175.0,1017.3189697265625,178.07078552246094,-16.461837768554688,35.04145050048828,-3.655374050140381,12.914125442504883,-1.674749732017517,5.770025253295898,-1.896865963935852,2.626701831817627,-1.4688832759857178,-1.488739252090454,0.12770262360572815,murmur
71,32767.0,51.25,8.666055728178131,41.021812438964844,-382.5,11808.314453125,0.7849195841485122,0.028754758842321513,10969.75,-5442.5,-382.5,5527.25,1030.157470703125,177.49755859375,-17.999958038330078,32.407371520996094,-5.20576810836792,11.46900749206543,-0.8893678784370422,5.755099296569824,-2.027514696121216,0.11084547638893127,-3.0263686180114746,-0.19729170203208923,-0.07839541137218475,murmur
72,32761.0,90.25,7.932639033906195,-6.589687347412109,-28.5,3019.209228515625,31.74216494310823,-0.33082304358386594,2302.5,-1137.25,-28.5,1165.25,821.3438720703125,163.44137573242188,33.304359436035156,40.94922637939453,2.5563602447509766,18.731605529785156,-13.768773078918457,4.720192909240723,-10.108510971069336,2.328032970428467,-4.206060886383057,-1.3666239976882935,-2.427824020385742,murmur
73,32767.0,93.0,7.965550435864464,-1.4426875114440918,-14.0,3608.971435546875,32.020750947339835,0.8920825555894887,2429.0,-1223.0,-14.0,1206.0,835.6525268554688,168.87020874023438,31.729148864746094,35.64054870605469,3.9826772212982178,14.741353988647461,-14.669008255004883,2.168275833129883,-5.557045936584473,0.625964879989624,-5.188431262969971,-0.6217876076698303,-0.5412005186080933,murmur
74,32767.0,96.25,7.948839231509422,12.958374977111816,18.0,3257.307373046875,33.220541000015785,1.3781290401946358,2427.25,-1223.25,18.0,1204.0,830.9622802734375,168.83306884765625,30.47205924987793,38.31914520263672,3.0437076091766357,13.309525489807129,-14.604915618896484,3.7050693035125732,-5.914102077484131,2.6431593894958496,-2.9204020500183105,0.18338602781295776,-0.4262247681617737,murmur
75,32767.0,43.0,7.872328117336864,1.6651874780654907,-26.0,2831.68212890625,37.481585661611305,2.0927807267085425,2177.0,-1099.0,-26.0,1078.0,826.6663818359375,172.13778686523438,21.78473663330078,35.6748046875,2.373361349105835,8.718405723571777,-17.959362030029297,3.0025203227996826,-8.141373634338379,1.6422200202941895,-2.087972640991211,1.0605634450912476,-1.081279993057251,murmur
76,32767.0,128.25,8.19038413120708,-9.610750198364258,28.5,4317.47998046875,14.139682576461393,1.0888266147097978,3220.25,-1617.25,28.5,1603.0,904.28515625,160.78363037109375,10.325006484985352,38.610774993896484,-0.350299596786499,20.445755004882812,-9.381752014160156,9.92671012878418,-3.2870216369628906,2.042905569076538,-5.8404083251953125,-0.7678540349006653,-3.481466054916382,murmur
77,32767.0,74.75,8.244182333896099,0.4088749885559082,-21.5,4902.97509765625,11.127603156751078,0.8275998206602221,3455.25,-1714.0,-21.5,1741.25,901.973876953125,179.65289306640625,11.968587875366211,27.92029571533203,2.563096761703491,15.690389633178711,-5.587559700012207,8.459325790405273,-2.3162388801574707,1.8226714134216309,-5.104849815368652,-1.3368237018585205,-4.005964279174805,murmur
78,32767.0,74.0,8.24604014385518,5.462250232696533,45.0,4919.2470703125,9.518758982014198,0.7151073450601629,3409.25,-1674.25,45.0,1735.0,897.455078125,187.62847900390625,7.5966644287109375,25.86791229248047,5.634634971618652,13.999030113220215,-6.451681137084961,9.71221923828125,-3.928990602493286,1.0002012252807617,-5.660778999328613,-1.7070887088775635,-1.1216747760772705,murmur
79,32767.0,59.5,8.289661748680071,-3.086750030517578,-19.0,6932.4423828125,6.198290756184331,0.7507234522784956,3550.25,-1834.25,-19.0,1716.0,974.9999389648438,158.90658569335938,-9.9888277053833,42.17987060546875,-6.360074520111084,16.769859313964844,-11.123358726501465,11.170906066894531,-2.968193531036377,3.929138422012329,-3.8670578002929688,1.540413737297058,-2.168696880340576,murmur
80,32767.0,63.5,8.249321917770544,1.4771875143051147,-22.5,6815.82373046875,6.278593540429938,0.7549879044909799,3436.0,-1807.75,-22.5,1628.25,968.7105712890625,164.17623901367188,-12.108623504638672,42.68922805786133,-7.916843414306641,17.020694732666016,-9.68457317352295,10.55546760559082,-2.9393301010131836,4.277039051055908,-3.1335151195526123,-0.5405625104904175,-2.1983394622802734,murmur
81,32767.0,48.0,8.263198475683067,6.270625114440918,-1.0,7030.28955078125,5.351160402222602,0.767436731619736,3445.25,-1894.0,-1.0,1551.25,975.314208984375,158.67474365234375,-7.578465461730957,41.62126159667969,-6.643974304199219,15.223580360412598,-8.30612564086914,6.9982757568359375,-2.852423667907715,5.759650230407715,-4.634316444396973,0.2220507264137268,-2.0926570892333984,murmur
82,22678.0,71.75,7.454644606172232,6.662875175476074,4.5,1896.20556640625,32.21662975824828,2.7430571709084215,1028.5,-545.25,4.5,483.25,848.2173461914062,147.54127502441406,-7.5795793533325195,27.215124130249023,3.19272780418396,26.49449920654297,-3.0125861167907715,8.396780967712402,-2.490600109100342,6.509055137634277,-3.446465492248535,1.2811779975891113,0.6159764528274536,murmur
83,27223.0,48.75,7.888010408803811,6.390562534332275,8.5,2755.9208984375,9.663901323403914,0.7584093039565084,1938.25,-1005.0,8.5,933.25,868.0339965820312,140.86239624023438,7.773872375488281,25.99862289428711,6.516847610473633,23.094654083251953,-4.379539489746094,8.204504013061523,-2.248199939727783,8.445823669433594,-1.3981741666793823,1.684147834777832,-1.1174169778823853,murmur
84,28187.0,19.25,7.767890969497781,-7.635125160217285,-36.0,2532.247314453125,16.969840971789985,0.7401081436612279,1535.5,-802.25,-36.0,733.25,865.0455932617188,141.78660583496094,8.291390419006348,18.773765563964844,5.908385753631592,26.146587371826172,-3.109745979309082,6.766161918640137,-2.42978835105896,9.471359252929688,-1.6900277137756348,-0.3169417977333069,0.1801251769065857,murmur
85,18747.0,42.5,7.742505063195979,3.2746875286102295,21.0,2244.88818359375,8.056196804515366,0.681569651873771,1528.0,-776.0,21.0,752.0,845.8120727539062,112.90411376953125,15.840703964233398,39.57176971435547,11.940533638000488,31.2620792388916,-0.4367362856864929,9.329557418823242,-0.6450397372245789,5.951922416687012,-3.0190110206604004,1.3861491680145264,-1.225082278251648,murmur
86,28629.0,25.75,7.6176554774290635,-22.339000701904297,-28.0,2214.141845703125,25.867139107273008,0.5694472527156258,1200.25,-613.25,-28.0,587.0,851.486572265625,106.37091064453125,12.84185791015625,36.30715560913086,8.360265731811523,27.487751007080078,-0.4441703259944916,8.663801193237305,1.2703745365142822,7.076465606689453,-2.897496223449707,1.1193281412124634,-0.5643592476844788,murmur
87,19386.0,35.0,7.684937161925329,5.997499942779541,11.0,2087.904052734375,11.096034363737695,0.7888045779579278,1344.25,-666.0,11.0,678.25,851.20361328125,119.10868835449219,15.112587928771973,31.282793045043945,3.7476563453674316,26.003681182861328,-0.26665690541267395,10.172056198120117,-0.8328886032104492,6.860814571380615,-2.3802828788757324,2.422341823577881,-0.9599496722221375,murmur
88,32767.0,46.75,8.53806821610517,13.208499908447266,-28.5,9939.3544921875,2.3459502507959584,-0.02427410878072035,6764.25,-3372.25,-28.5,3392.0,1022.349609375,154.53121948242188,-13.881174087524414,29.96532440185547,-2.8952138423919678,9.784896850585938,-8.493088722229004,2.6397299766540527,-0.0668589174747467,2.3113088607788086,0.3928162157535553,0.2452964186668396,-1.982998013496399,murmur
89,32767.0,32.75,7.6126959661831375,-10.414312362670898,-58.0,3234.492431640625,28.392821851505257,2.828835581457501,1267.0,-697.0,-58.0,570.0,824.66162109375,122.23236083984375,30.189800262451172,35.04267120361328,18.53766441345215,41.31780242919922,2.72013258934021,12.002894401550293,2.7013278007507324,9.579526901245117,2.739110231399536,2.029423713684082,-0.7945830225944519,murmur
90,32767.0,50.5,7.508790306348476,27.92506217956543,56.0,4231.9765625,31.498027221244044,0.3375974103308628,1032.0,-483.0,56.0,549.0,884.4444580078125,130.14466857910156,6.638314723968506,35.16576385498047,0.28625166416168213,18.745573043823242,-3.4443647861480713,9.152584075927734,-1.9560837745666504,4.03145170211792,-3.540583848953247,1.424776554107666,-2.6220951080322266,murmur
91,32767.0,47.25,7.5924208081918785,43.56212615966797,104.0,4272.416015625,29.22993553544098,0.2668934264449709,1072.0,-442.0,104.0,630.0,894.07177734375,123.72834777832031,13.082106590270996,33.41658020019531,-3.6363987922668457,20.795595169067383,-2.295729637145996,10.609910011291504,-3.1181752681732178,2.6941261291503906,-6.510689735412598,-0.5426136255264282,-3.9601964950561523,murmur
92,32767.0,74.75,7.620816465307211,48.97356414794922,149.0,4621.09521484375,26.45169787990096,-0.01325251103546385,1144.0,-457.0,149.0,687.0,900.90478515625,123.94622802734375,6.404003620147705,41.799400329589844,-0.596651554107666,20.379220962524414,0.17105621099472046,11.609684944152832,-4.998088359832764,4.349989891052246,-2.942478895187378,-0.2799489498138428,-2.2083544731140137,murmur
93,32767.0,67.0,7.63634197387539,54.730499267578125,128.0,4264.13720703125,28.55568901808897,0.17790615125495943,1150.25,-471.25,128.0,679.0,896.33740234375,122.45634460449219,8.246156692504883,43.17652130126953,-0.7985299825668335,18.72541046142578,-3.382382869720459,12.104198455810547,-4.395069122314453,2.556272506713867,-2.6407594680786133,1.174338459968567,-4.925248146057129,murmur
94,32767.0,41.25,7.699824915437129,28.248249053955078,82.0,5749.1455078125,16.751690795770497,0.46562560354404625,1369.0,-636.0,82.0,733.0,887.978515625,133.36766052246094,16.612091064453125,35.89703369140625,8.054498672485352,30.068565368652344,5.606148719787598,13.714517593383789,-1.8744940757751465,7.900395393371582,0.8114249110221863,3.165332078933716,-3.967637062072754,murmur
95,32767.0,40.5,7.6284182442621224,26.489124298095703,43.0,5360.68994140625,18.383419533733505,0.7478699725626413,1167.25,-524.0,43.0,643.25,878.7799072265625,132.558349609375,14.021920204162598,33.18902587890625,8.817262649536133,34.73866271972656,3.188474655151367,12.216856002807617,-1.8553400039672852,7.493628978729248,-1.970350980758667,1.595503807067871,-1.1122621297836304,murmur
96,32767.0,40.5,7.577008658419788,10.091375350952148,26.0,4842.1494140625,19.45044759851061,0.5506119049871492,1088.0,-508.0,26.0,580.0,872.9066772460938,120.52482604980469,10.793803215026855,36.21318817138672,11.7423095703125,33.74982452392578,2.2422900199890137,11.927566528320312,-2.9523372650146484,8.31161117553711,0.5829213261604309,2.753269910812378,-0.6568204164505005,murmur
97,32767.0,46.0,7.668753571808245,-4.768499851226807,25.0,5241.66650390625,16.59373099805706,0.4618998954082277,1251.0,-610.0,25.0,641.0,895.4229736328125,129.1020965576172,12.05154800415039,31.399871826171875,8.32366943359375,32.226768493652344,5.049596786499023,9.75847339630127,-1.0637654066085815,8.863189697265625,-1.306510329246521,1.3006162643432617,-2.9923815727233887,murmur
98,32767.0,185.0,8.588486792169757,31.31162452697754,159.5,12424.544921875,1.15355449917063,-0.029087364378836612,7976.5,-3984.25,159.5,3992.25,1073.2432861328125,156.48721313476562,-20.04810905456543,14.611671447753906,-6.793155670166016,2.430556058883667,-9.271385192871094,-1.943900227546692,-4.659006118774414,-4.664228439331055,-4.133092880249023,-2.629492998123169,-1.979651927947998,murmur
99,32767.0,253.25,8.48420298821656,16.797311782836914,55.5,11356.9013671875,1.80183303602211,-0.007080373741082196,5382.75,-2593.0,55.5,2789.75,1049.71826171875,153.3477325439453,-15.897207260131836,15.84749984741211,-5.5002031326293945,0.5205392837524414,-9.83603286743164,-1.5458347797393799,-3.1835708618164062,-2.320223331451416,-4.668567657470703,-2.5029196739196777,-1.0982885360717773,murmur
100,32767.0,63.75,8.52748039936247,17.25262451171875,145.0,7784.923828125,2.2509350006017304,0.03344036808862655,6408.5,-3237.0,145.0,3171.5,987.1212768554688,170.08740234375,-2.970684289932251,28.38882064819336,-17.06163787841797,18.995765686035156,-5.134202003479004,7.9034881591796875,-4.559767246246338,3.8040785789489746,-3.2538869380950928,2.238813877105713,-2.8853659629821777,murmur
101,25904.0,100.75,8.28370127560013,8.898374557495117,37.0,4169.857421875,3.839832591810234,-0.19639218489292037,3831.0,-1883.0,37.0,1948.0,910.821533203125,168.3939208984375,5.382144927978516,29.109540939331055,1.9199395179748535,22.73821258544922,-9.769508361816406,3.2937612533569336,-6.581111431121826,2.2901153564453125,-5.056051254272461,-1.1003135442733765,-5.6744384765625,murmur
102,29986.0,67.0,8.288952625658684,-10.648687362670898,-56.0,4256.02587890625,3.8382213271288768,0.022760243000937756,3974.0,-2005.0,-56.0,1969.0,903.5367431640625,174.76852416992188,5.722370624542236,29.664791107177734,2.338256597518921,21.326528549194336,-9.565755844116211,4.083738803863525,-6.0800981521606445,2.4086694717407227,-4.369785785675049,-1.5843660831451416,-4.785950660705566,murmur
103,17154.0,32.75,8.308735833358716,4.538125038146973,9.0,4281.84423828125,4.759915349129846,-0.5900714180794374,3830.75,-1845.0,9.0,1985.75,898.2491455078125,175.93148803710938,8.079187393188477,31.0081729888916,1.5378645658493042,19.199068069458008,-7.390369415283203,6.413084506988525,-7.072813987731934,3.3603878021240234,-4.465579509735107,-0.20413929224014282,-4.186807632446289,murmur
104,18443.0,88.25,8.255127806370044,-3.2482500076293945,-61.0,3976.194580078125,4.278631184029671,-0.35444064577215856,3473.0,-1719.0,-61.0,1754.0,892.70947265625,168.9193878173828,6.118550777435303,32.1822509765625,4.804922580718994,21.50197982788086,-10.000720977783203,5.815008640289307,-5.518500328063965,2.583547830581665,-5.0314040184021,-1.1100273132324219,-4.703733444213867,murmur
105,32766.0,53.0,7.8635808195291625,-0.23743750154972076,-25.0,3742.119873046875,16.93300623135206,1.1760043150053996,1782.25,-917.0,-25.0,865.25,914.3189697265625,137.53488159179688,-3.503206253051758,36.57989501953125,5.224884986877441,24.542762756347656,-0.868930459022522,13.117602348327637,1.4631340503692627,5.329120635986328,-2.5829672813415527,0.5166692733764648,-5.25604248046875,murmur
106,31315.0,30.0,7.476991195541159,-3.0699374675750732,7.0,2683.855224609375,35.75036819105279,2.007512380071216,1158.0,-575.0,7.0,583.0,851.816162109375,137.16561889648438,21.86039924621582,28.374561309814453,-3.3299789428710938,18.435970306396484,-7.668279647827148,12.958563804626465,3.8038246631622314,6.062034606933594,-0.5194166302680969,6.9116950035095215,1.4468653202056885,murmur
107,32542.0,71.75,7.789774335823698,3.082937479019165,-32.0,4295.02734375,23.394632419185903,0.6457711669273561,1682.25,-885.25,-32.0,797.0,851.8267822265625,127.44845581054688,23.20288848876953,50.22370147705078,7.972331523895264,21.713241577148438,-0.15456008911132812,19.091796875,10.433149337768555,8.060773849487305,-1.3541327714920044,6.460020542144775,-2.193542957305908,murmur
108,32767.0,33.5,7.713031980394857,3.663875102996826,-14.5,4286.1572265625,20.760510339195086,0.16840603179400543,1391.25,-700.25,-14.5,691.0,893.8819580078125,131.05601501464844,17.01001739501953,44.676822662353516,3.284604549407959,30.634395599365234,-3.10720157623291,3.323745012283325,-2.124602794647217,3.6418323516845703,0.2541083097457886,5.7206830978393555,2.409977436065674,murmur
109,32767.0,47.75,7.473143248787049,-0.5047500133514404,4.0,2664.243896484375,18.812389897915537,1.3173072936218508,819.0,-406.0,4.0,413.0,867.79345703125,145.15866088867188,-4.81447696685791,26.072895050048828,-11.610678672790527,13.817105293273926,-8.631942749023438,10.794156074523926,-5.397855758666992,4.794745445251465,-3.9757585525512695,-1.3404005765914917,-1.4219543933868408,murmur
110,24061.0,37.25,7.689548696768983,21.856124877929688,31.0,2390.995849609375,6.254241512851797,0.4140173826121577,1312.25,-676.0,31.0,636.25,860.9642333984375,147.61009216308594,-2.6152210235595703,31.774154663085938,-9.017563819885254,20.959815979003906,-4.815983772277832,12.81312370300293,-4.508584976196289,7.3517913818359375,0.7248656749725342,3.684797763824463,-0.8604434132575989,murmur
111,21017.0,44.75,7.286643152633893,8.09068775177002,19.0,2307.70166015625,19.44633595025644,-0.31348615481898334,788.0,-372.0,19.0,416.0,786.6006469726562,136.6721954345703,28.46529769897461,42.55924606323242,1.4335311651229858,18.57563018798828,-4.034821510314941,13.90378189086914,-0.6652202010154724,9.723440170288086,2.3489065170288086,4.0568366050720215,2.699697732925415,murmur
112,17838.0,58.75,7.509240634327327,-19.593313217163086,-22.0,2449.880615234375,10.84785227435981,-0.22954911439131706,940.25,-481.25,-22.0,459.0,849.6416015625,148.98666381835938,0.16687345504760742,39.49395751953125,-9.835867881774902,15.583602905273438,-8.062689781188965,15.065290451049805,0.8536731004714966,9.609870910644531,1.5502225160598755,0.812283992767334,0.6023296117782593,murmur
113,17146.0,55.75,7.32645310270339,10.546937942504883,22.0,2240.541259765625,13.450490873195257,-0.2119253281739426,783.0,-373.0,22.0,410.0,831.5427856445312,140.732666015625,3.0816025733947754,39.14546585083008,-8.145761489868164,16.39896011352539,-7.957619667053223,14.578937530517578,-0.5050030946731567,9.541479110717773,1.8759880065917969,2.594970226287842,-1.2137486934661865,murmur
114,32766.0,124.75,7.4463644355756475,-13.627374649047852,-3.0,2948.165283203125,64.493093702906,-0.9915827546171336,972.0,-495.0,-3.0,477.0,869.2784423828125,152.9595489501953,-7.870114803314209,16.117305755615234,-13.175763130187988,10.9591646194458,-7.544771194458008,1.830653429031372,-9.104316711425781,0.1765369176864624,-2.309691905975342,-2.3396658897399902,-1.9927794933319092,murmur
115,32763.0,41.75,7.634841045720619,16.903125762939453,54.0,2900.18017578125,33.353924786980464,0.002111741697158022,1182.0,-582.0,54.0,600.0,840.5914306640625,134.3985137939453,5.581066608428955,43.38665008544922,1.9469307661056519,20.337684631347656,-3.354994535446167,12.96006965637207,0.7620384693145752,3.683300018310547,-1.6610231399536133,-1.6156964302062988,-2.4814014434814453,murmur
116,15790.0,42.75,7.182324734274918,12.374687194824219,0.5,1502.2520751953125,22.905284008334547,1.041009814967379,656.25,-325.25,0.5,331.0,818.8604736328125,109.17767333984375,9.55836296081543,48.95854568481445,-3.236589193344116,21.681074142456055,-4.429446220397949,14.633959770202637,-1.4115667343139648,7.649650573730469,-0.2932848334312439,1.2765486240386963,-1.222119688987732,murmur
117,15109.0,43.5,7.851692512341069,2.986562490463257,3.0,2904.20703125,4.749880455183227,-0.0691405963035737,1587.25,-801.0,3.0,786.25,857.5443115234375,158.0947265625,-5.87826681137085,23.8745059967041,-7.410996437072754,22.000940322875977,-2.978794813156128,13.77203369140625,1.2337231636047363,10.393617630004883,2.262241840362549,5.25506591796875,2.6481690406799316,murmur
118,32767.0,100.25,8.310944925783254,11.201187133789062,-143.0,5910.01611328125,7.915487241991746,0.41482272040118334,4090.25,-2105.0,-143.0,1985.25,890.1380615234375,169.10275268554688,2.9964494705200195,40.832820892333984,5.8212151527404785,25.236038208007812,-3.0812134742736816,8.89596939086914,-1.649878978729248,6.814840316772461,-0.7028279304504395,2.5130443572998047,-0.11290565133094788,murmur
119,32767.0,46.5,8.38691953403165,-11.287750244140625,-57.0,6840.89306640625,4.540068634460473,0.2945863162833087,4578.0,-2307.0,-57.0,2271.0,923.518310546875,171.33641052246094,-6.283909797668457,37.598060607910156,2.7417449951171875,23.584545135498047,-4.015842437744141,11.765419960021973,-1.9135165214538574,6.508663654327393,-2.84110951423645,3.310391902923584,-0.8233849406242371,murmur
120,29965.0,63.5,7.957049317535628,0.3297500014305115,-26.0,2688.65576171875,11.171343417087437,0.889748472205249,2318.25,-1209.0,-26.0,1109.25,928.9756469726562,147.07745361328125,-10.26889705657959,16.918298721313477,-20.921384811401367,10.428082466125488,-15.776298522949219,7.682493686676025,-9.9047212600708,6.284882545471191,-2.2897887229919434,2.4915285110473633,-0.10634606331586838,murmur
121,32709.0,48.25,7.927799768666411,-14.620437622070312,-24.5,3314.87353515625,15.112971000742021,1.3325618749949755,1984.0,-983.0,-24.5,1001.0,960.9905395507812,128.9638214111328,-18.990724563598633,39.62135314941406,-14.160383224487305,19.225982666015625,-7.121946811676025,16.073787689208984,-2.3021466732025146,5.690255641937256,-1.533738374710083,-2.5901074409484863,-0.8223088979721069,murmur
122,10217.0,25.75,7.717849405762298,-10.469124794006348,-1.0,1851.173583984375,4.2570429483072685,-0.5880895774179575,1433.25,-689.0,-1.0,744.25,887.178466796875,127.39320373535156,1.929012656211853,34.5433464050293,-10.773513793945312,10.904889106750488,-4.831955432891846,12.918973922729492,-6.389393329620361,8.981964111328125,1.5361855030059814,-1.098020315170288,0.3878740668296814,murmur
123,11073.0,29.25,7.738343900632105,-8.553750038146973,-2.0,1891.4906005859375,4.819312718072452,-0.5368981345598941,1440.0,-682.0,-2.0,758.0,895.317138671875,123.53036499023438,1.869447946548462,34.696258544921875,-12.440498352050781,11.783754348754883,-5.821605682373047,13.676774978637695,-6.7093353271484375,7.461785316467285,-1.1766443252563477,1.689628005027771,0.3754188120365143,murmur
124,29065.0,60.25,7.396016983776986,-33.725624084472656,-37.0,3499.594482421875,16.594812345278346,0.24693066081125484,835.0,-447.0,-37.0,388.0,806.4022827148438,128.74664306640625,20.367938995361328,50.24990463256836,8.348041534423828,29.141578674316406,-0.23242723941802979,14.86569595336914,-0.7463540434837341,8.450394630432129,-1.9283783435821533,2.911724090576172,1.964606523513794,murmur
125,32644.0,49.25,8.286630663032128,-6.67843770980835,30.5,5391.2822265625,4.592248562042714,0.6752787965686661,3645.0,-1890.0,30.5,1755.0,872.4469604492188,187.52200317382812,8.876441955566406,40.37617111206055,12.906380653381348,24.320667266845703,-9.02629280090332,6.9350199699401855,-3.3428821563720703,2.4436450004577637,-7.087447643280029,-0.5067085027694702,-0.892911434173584,murmur
126,29390.0,49.0,8.24225223135001,8.659749984741211,-23.0,5311.57373046875,4.079982859927108,0.5825412069369459,3188.25,-1630.0,-23.0,1558.25,871.6790161132812,174.7061767578125,6.6408772468566895,42.91795349121094,15.347286224365234,27.075050354003906,-7.179439544677734,8.949430465698242,-4.043067932128906,3.0230937004089355,-7.274690628051758,1.5618407726287842,0.6730842590332031,murmur
127,32767.0,33.25,8.432537751179561,-0.817187488079071,-73.0,7757.5,2.5940813973497967,0.09203852547613504,5032.0,-2590.0,-73.0,2442.0,988.2164306640625,170.13832092285156,-21.707847595214844,33.50816345214844,-0.2969207763671875,14.94540786743164,-13.586459159851074,3.442732572555542,-8.327310562133789,0.8502026200294495,-7.094443321228027,0.37873589992523193,-1.1592291593551636,murmur
128,32767.0,29.0,8.397720807083667,-17.023374557495117,-93.5,7509.10498046875,3.196181552838828,0.1354330868252959,4615.75,-2393.25,-93.5,2222.5,988.9617309570312,169.36163330078125,-18.291532516479492,27.934497833251953,-3.0545401573181152,9.158975601196289,-11.92618179321289,3.24955415725708,-5.965599060058594,-0.42429184913635254,-3.9940247535705566,0.48740991950035095,-0.6374343633651733,murmur
129,31206.0,50.0,8.178014037156416,19.101938247680664,52.0,4349.939453125,11.453826882415765,-1.2543705957800855,2910.75,-1416.0,52.0,1494.75,888.183349609375,172.958251953125,10.707113265991211,32.70048904418945,1.9791563749313354,20.759319305419922,-6.812197685241699,5.061188697814941,-1.1143878698349,7.564436912536621,-0.8078423738479614,1.4808909893035889,-1.471989393234253,murmur
130,20782.0,38.75,8.134324826228845,-2.475749969482422,12.0,3799.794189453125,14.98565178914231,-1.4632339409662596,2787.25,-1313.0,12.0,1474.25,897.8443603515625,159.6859130859375,8.16624641418457,34.52720260620117,-5.792885780334473,18.680179595947266,-8.739129066467285,9.881233215332031,-0.7086876034736633,7.598388671875,-2.2330322265625,2.1374149322509766,-0.3697986304759979,murmur
131,21643.0,39.0,7.992510382751619,-10.073062896728516,-13.0,3169.055908203125,25.394256752976602,-2.5537842815002505,2062.5,-990.25,-13.0,1072.25,907.4710083007812,152.89566040039062,6.666743755340576,31.607379913330078,-8.205398559570312,11.750789642333984,-6.803727149963379,6.930515289306641,-0.26983219385147095,5.927121639251709,-4.520208835601807,3.017092227935791,-1.195876121520996,murmur
132,16735.0,69.75,7.464085531371597,-3.809999942779541,4.0,2729.05517578125,13.580053942858324,-0.38814950866275866,988.25,-506.0,4.0,482.25,805.2023315429688,125.12334442138672,18.413776397705078,38.13783264160156,2.9642980098724365,32.630977630615234,4.788281440734863,15.877689361572266,3.016888380050659,12.349691390991211,-0.41720813512802124,3.8507916927337646,-0.8694921135902405,murmur
133,31520.0,70.5,7.368299298212437,-11.69893741607666,-19.0,2973.917236328125,17.060572828578547,0.0338225809969268,836.0,-427.0,-19.0,409.0,790.351806640625,121.13544464111328,25.501108169555664,43.487144470214844,1.2239253520965576,28.84027099609375,2.047861099243164,15.120094299316406,5.062472343444824,11.540470123291016,0.33457934856414795,1.7735925912857056,-0.8895242810249329,murmur
134,32763.0,57.75,8.403675064785965,0.7253749966621399,25.0,6418.19775390625,5.3507046281866675,0.06427049441636522,4934.5,-2497.5,25.0,2437.0,935.3806762695312,155.807373046875,-14.566930770874023,40.528011322021484,11.29020881652832,25.721172332763672,-2.4518327713012695,13.993321418762207,0.2287273406982422,10.132244110107422,-0.6483486890792847,5.770562171936035,-0.1649480164051056,murmur
135,32767.0,55.75,8.450832553215927,5.303374767303467,61.0,6755.7431640625,5.105821583395445,-0.022257462442301378,5403.75,-2616.25,61.0,2787.5,935.3197021484375,164.73464965820312,-14.068763732910156,39.233360290527344,8.057700157165527,26.937137603759766,-3.808840751647949,14.565546035766602,-0.28809839487075806,8.72950267791748,1.8438050746917725,5.424964904785156,1.848937749862671,murmur
136,22786.0,45.5,7.561514663961797,-7.664374828338623,-4.0,3422.60693359375,14.755392333002604,-0.6528275183550125,1047.25,-535.25,-4.0,512.0,820.330078125,152.14651489257812,18.981388092041016,30.51345443725586,0.6342908143997192,28.354249954223633,2.249971866607666,13.988107681274414,2.941957473754883,12.872589111328125,2.3716681003570557,0.8531236052513123,-2.23435115814209,murmur
137,19947.0,45.25,7.696231095897504,-13.668874740600586,-49.0,2941.930908203125,8.58177848878218,0.9041167395099161,1538.25,-830.0,-49.0,708.25,829.2302856445312,157.7399139404297,21.512664794921875,36.33301544189453,-0.853395938873291,24.613908767700195,-4.375162124633789,12.527113914489746,-0.9362927675247192,8.776851654052734,1.9049487113952637,6.289680004119873,0.8651627898216248,normal
138,23395.0,53.25,7.714388451070005,1.2181874513626099,13.5,3342.645263671875,17.592468776722658,-0.5717774398654886,1398.0,-682.0,13.5,716.0,854.6207275390625,145.03927612304688,28.649023056030273,43.32121276855469,-5.6737542152404785,21.917531967163086,-3.2081634998321533,16.906158447265625,4.087548732757568,12.121456146240234,0.5568819046020508,3.218554973602295,0.37345391511917114,normal
139,22599.0,48.0,7.595119893534671,2.220437526702881,11.0,3019.306884765625,20.579100357829045,-0.6157173753778338,1150.0,-584.0,11.0,566.0,833.2008056640625,149.0012664794922,36.098060607910156,39.42857360839844,-8.006315231323242,19.75522804260254,1.3684264421463013,16.91084098815918,6.42720365524292,13.534424781799316,0.29787275195121765,0.9516004323959351,-1.1853489875793457,normal
140,23741.0,52.25,7.678418769898913,-19.263999938964844,-17.0,3499.492919921875,18.442089235411213,-0.6266483867917766,1293.0,-653.0,-17.0,640.0,813.3490600585938,165.76824951171875,44.277164459228516,32.862632751464844,-5.372165203094482,25.128360748291016,2.864881992340088,16.112014770507812,3.5856668949127197,9.17692756652832,-0.7668158411979675,0.418070912361145,0.9943443536758423,normal
141,24563.0,53.25,7.599018701120937,-6.683562278747559,-6.0,2972.302734375,22.16890190450625,-0.37101823074836454,1182.0,-601.0,-6.0,581.0,814.72509765625,159.8323974609375,36.63741683959961,36.754478454589844,-5.708532333374023,24.642650604248047,3.0828590393066406,15.45109748840332,4.749039649963379,9.966236114501953,0.15802109241485596,0.942216157913208,-1.6801327466964722,normal
142,32585.0,48.75,7.839121192894135,-0.8969374895095825,8.0,4324.52294921875,16.07705586379079,0.11705543926595834,1628.25,-798.0,8.0,830.25,838.8348999023438,166.34677124023438,37.45696258544922,38.287254333496094,-5.711051940917969,20.908039093017578,1.7248668670654297,18.76516342163086,5.396709442138672,9.270857810974121,-1.547637701034546,1.8147151470184326,0.10306000709533691,normal
143,32767.0,79.5,7.749412459485506,-13.951499938964844,-39.5,4492.93359375,19.88770820688809,1.171612400102814,1619.0,-835.0,-39.5,784.0,870.4693603515625,154.06951904296875,28.56256103515625,32.7155647277832,8.586116790771484,26.871376037597656,-10.510540008544922,5.869594573974609,-6.455697536468506,4.234318733215332,0.22038421034812927,3.8766579627990723,1.314434289932251,normal
144,14023.0,32.0,7.173907994229418,12.892374992370605,7.5,1515.3529052734375,27.738675026840827,-0.6823081673690535,751.25,-354.25,7.5,397.0,806.9578857421875,121.64835357666016,32.382843017578125,34.741676330566406,-2.291517972946167,30.407989501953125,-5.712018966674805,10.15825080871582,-5.4632463455200195,9.843137741088867,-2.677924156188965,-0.5663684606552124,-3.496612548828125,normal
145,15599.0,25.0,7.534478390312169,7.01618766784668,37.5,1970.3741455078125,13.301393841052956,0.3331659178797615,1267.25,-621.0,37.5,646.25,798.3424072265625,118.85183715820312,30.530059814453125,51.814971923828125,13.58970832824707,31.47599983215332,-2.6131343841552734,6.472059726715088,-1.8501478433609009,10.405014038085938,-0.7538617849349976,3.6143863201141357,-0.13996684551239014,normal
146,17344.0,82.75,7.5201063955283844,4.851812362670898,34.0,2781.89208984375,21.992681319117903,-1.7703199588506697,1095.25,-514.0,34.0,581.25,836.8759155273438,122.10810852050781,17.152420043945312,46.774208068847656,-0.04060208797454834,24.75360107421875,5.073058605194092,26.14600944519043,0.20821714401245117,8.248777389526367,1.3001755475997925,2.2917633056640625,0.12424153089523315,normal
147,31847.0,40.25,7.178750969952112,25.1330623626709,25.5,2239.09521484375,42.238010362928144,3.0859503896019658,721.0,-349.0,25.5,372.0,854.6075439453125,152.95631408691406,20.079395294189453,21.709896087646484,-13.97411060333252,18.242938995361328,-4.408098220825195,13.367961883544922,1.6092400550842285,7.214726448059082,4.649738311767578,3.468991756439209,0.883542537689209,normal
148,32767.0,64.0,7.4262621605864165,5.818937301635742,35.0,3742.197265625,40.70844389449779,2.288038463347613,1077.0,-518.0,35.0,559.0,853.2864990234375,122.63737487792969,22.484886169433594,31.138011932373047,5.412079811096191,25.845245361328125,0.24397045373916626,6.763649940490723,0.8072742223739624,10.143587112426758,-1.743201494216919,-0.03503620624542236,-1.3673574924468994,normal
149,32767.0,34.0,7.50511040066974,-8.378562927246094,-33.0,2569.479736328125,48.129095263103714,3.1548837265952834,1176.0,-628.0,-33.0,548.0,852.12109375,110.11859130859375,21.044052124023438,39.428184509277344,4.266070365905762,26.947111129760742,7.386255264282227,19.212703704833984,-3.7619519233703613,0.08325788378715515,-5.606281280517578,0.21611952781677246,-1.6810824871063232,normal
150,21524.0,29.5,7.595926925382839,-10.203437805175781,-26.0,2328.602294921875,17.697144936158452,0.8175023360768068,1247.25,-644.25,-26.0,603.0,827.56787109375,105.44905853271484,31.350078582763672,40.468238830566406,3.4225480556488037,26.946504592895508,4.840815544128418,14.63260555267334,2.980754852294922,13.128564834594727,-1.2655178308486938,-2.2486038208007812,2.381850481033325,normal
151,16829.0,29.5,7.630964551713557,3.1303749084472656,4.0,2201.295166015625,12.960223372648613,0.4440703142917912,1300.0,-634.0,4.0,666.0,833.8202514648438,102.85482788085938,24.196861267089844,40.127498626708984,8.198856353759766,30.19842529296875,5.8528547286987305,13.074796676635742,1.9253934621810913,13.198169708251953,-1.3432825803756714,-1.8459774255752563,-0.4088701605796814,normal
152,9009.0,44.25,7.151176224965525,-7.886750221252441,-21.0,1076.417724609375,10.970159968780427,0.20158043117072735,783.0,-405.0,-21.0,378.0,788.8861083984375,127.33699035644531,10.751132011413574,32.98270034790039,11.780407905578613,25.225929260253906,-12.262773513793945,13.108144760131836,3.919227361679077,10.190898895263672,0.7922921180725098,6.638494491577148,3.8711767196655273,normal
153,9542.0,44.25,7.179798394275498,18.32256317138672,15.5,985.7264404296875,11.68773814339259,0.7277204021203555,847.5,-410.25,15.5,437.25,771.5780029296875,125.23251342773438,17.796749114990234,34.62104415893555,14.448320388793945,27.862262725830078,-15.245966911315918,10.969663619995117,2.8558506965637207,10.740703582763672,2.31032133102417,7.720802307128906,6.31740140914917,normal
154,32761.0,53.75,7.779439288604124,-19.676000595092773,-63.0,3337.233642578125,25.156373465353454,2.0963902944482165,1698.0,-889.0,-63.0,809.0,840.9016723632812,148.93490600585938,22.27602767944336,42.76826477050781,9.492155075073242,24.245311737060547,-8.05207347869873,11.955927848815918,4.486516952514648,13.191160202026367,0.6446043252944946,2.582766056060791,2.4615371227264404,normal
155,32766.0,71.25,7.652431677489993,-10.331125259399414,-56.0,3331.638671875,24.54844504794411,1.7909360186950607,1391.0,-741.0,-56.0,650.0,836.911376953125,151.89503479003906,23.050907135009766,43.45807647705078,7.008205413818359,20.406667709350586,-10.274530410766602,12.568675994873047,4.967974662780762,15.097959518432617,-0.007184475660324097,2.8859448432922363,2.7047080993652344,normal
156,32767.0,74.0,7.7057155420889005,-5.786749839782715,-8.0,4233.2978515625,27.175245805984172,1.452681794963427,1528.25,-761.0,-8.0,767.25,870.4092407226562,147.78179931640625,16.590654373168945,38.757408142089844,6.057990550994873,25.459293365478516,-0.6477664709091187,12.680793762207031,-1.7070202827453613,8.770500183105469,2.521212100982666,5.118163585662842,1.3105425834655762,normal
157,32767.0,26.75,7.825988200483821,-19.409250259399414,-37.0,4519.27783203125,15.74008360602172,0.42617300934317165,1681.0,-825.0,-37.0,856.0,835.1887817382812,153.70761108398438,10.325899124145508,47.0120964050293,24.04523468017578,31.347572326660156,4.2687087059021,14.421171188354492,1.1170706748962402,13.805107116699219,5.158086776733398,0.31160610914230347,-2.7595064640045166,normal
158,13086.0,58.25,7.484894080738495,10.437125205993652,19.0,2052.0361328125,11.942226771954733,-0.263609685327744,1045.0,-500.0,19.0,545.0,760.9688720703125,134.2373046875,38.548797607421875,43.98923110961914,10.490496635437012,25.80515480041504,4.0250959396362305,19.749065399169922,6.549582481384277,11.065864562988281,-1.4716850519180298,0.869036853313446,1.4515889883041382,normal
159,20103.0,67.25,7.576803345719173,-4.240624904632568,26.0,2743.232421875,27.726417866762436,-1.6654604751728417,1187.0,-565.0,26.0,622.0,804.7067260742188,166.20101928710938,36.787841796875,33.69609832763672,-2.4712774753570557,19.998294830322266,-5.974174499511719,10.82834243774414,2.2643752098083496,7.225459098815918,1.5613646507263184,1.5339276790618896,0.927333414554596,normal
160,32767.0,113.5,8.002250609857375,1.0030624866485596,-4.0,3865.4189453125,12.834519123211784,0.5353272577784453,2144.5,-1051.25,-4.0,1093.25,928.8163452148438,169.07518005371094,-11.068910598754883,16.282285690307617,-1.4450551271438599,23.461463928222656,-3.342719078063965,15.657196998596191,-2.8348660469055176,7.387583255767822,-4.516368865966797,2.61350679397583,-5.247725486755371,normal
161,25423.0,96.25,8.092902861440292,-6.941500186920166,-8.0,3752.651611328125,9.82201765479347,-0.8343897652592073,2549.25,-1242.25,-8.0,1307.0,924.3212890625,181.58799743652344,-18.7486629486084,2.1833295822143555,-11.401058197021484,21.657072067260742,-2.006335973739624,16.055166244506836,1.5090196132659912,9.947678565979004,-0.6119234561920166,1.7225226163864136,-3.2227089405059814,normal
162,22283.0,59.25,7.385986382055612,3.450437545776367,-13.0,1855.845458984375,25.139396373899327,1.6070738617901685,1088.0,-559.0,-13.0,529.0,787.0865478515625,149.14187622070312,24.593936920166016,30.237071990966797,6.114006996154785,28.661283493041992,-0.6912496089935303,10.544168472290039,-3.182384967803955,3.0429527759552,-2.178225517272949,-0.21290922164916992,-0.679853618144989,normal
163,9411.0,30.75,7.410095535340806,17.977750778198242,9.0,1370.3736572265625,7.634601378796935,0.3091067197928175,1070.0,-531.0,9.0,539.0,783.6972045898438,135.5564727783203,24.303497314453125,35.20906448364258,8.84077262878418,26.438823699951172,-13.243742942810059,5.051644325256348,-2.7563083171844482,10.08939266204834,2.3929758071899414,3.9355530738830566,3.0443921089172363,normal
164,9862.0,46.0,7.278837115777678,7.111937522888184,-10.0,1195.0843505859375,9.517622582253672,0.6274937078789626,965.0,-499.0,-10.0,466.0,780.1416625976562,132.21136474609375,20.713350296020508,31.2294979095459,9.480831146240234,28.676227569580078,-11.499448776245117,4.546418190002441,-2.3084566593170166,9.058754920959473,2.8822429180145264,4.4385175704956055,2.6128220558166504,normal
165,32766.0,80.25,7.869206048602387,11.635624885559082,57.0,4648.80908203125,20.124600015813616,0.3010259553669109,1872.0,-893.0,57.0,979.0,835.3643798828125,153.5704345703125,24.67473602294922,42.76471710205078,12.723146438598633,31.676597595214844,-6.535585403442383,7.063295841217041,2.1844019889831543,10.07909107208252,3.1835079193115234,3.6812121868133545,-1.1793212890625,normal
166,32767.0,55.25,7.64035910235552,-6.712375164031982,0.0,4543.1083984375,24.06750056252905,-0.040832387099082386,1375.0,-662.0,0.0,713.0,834.9940185546875,151.77264404296875,19.987083435058594,38.1096305847168,11.4676513671875,27.311504364013672,-5.421609878540039,6.754528999328613,1.0300196409225464,8.910371780395508,0.3676702380180359,3.8459386825561523,-0.19088365137577057,normal
167,10672.0,63.25,7.407509994869589,-5.316562652587891,-3.5,1477.419921875,12.140313692240946,0.0673397856524956,1112.0,-555.0,-3.5,557.0,784.1806030273438,134.36624145507812,24.365324020385742,32.37005615234375,8.923698425292969,32.60830307006836,-5.092318534851074,11.004679679870605,2.031144380569458,11.533649444580078,3.9593076705932617,1.7579028606414795,0.008242607116699219,normal
168,32767.0,52.75,7.858089749305761,8.853875160217285,86.0,6702.28271484375,12.069457619438243,0.2980497934992269,1722.0,-765.0,86.0,957.0,896.0927734375,167.15985107421875,22.6807861328125,39.57917022705078,10.13430404663086,22.415542602539062,-2.3933215141296387,6.941898345947266,-0.2672974467277527,8.617801666259766,1.1765638589859009,0.7411172389984131,-2.0245749950408936,normal
169,27285.0,41.25,7.309198743875126,-1.9468125104904175,-14.0,2216.94970703125,41.142218386506784,3.5603561516053093,913.0,-478.0,-14.0,435.0,824.2125854492188,129.14605712890625,26.046812057495117,20.10533905029297,6.935112476348877,36.61687469482422,0.5660594701766968,10.850136756896973,-3.9808192253112793,8.325833320617676,-3.538142204284668,-0.9295080900192261,1.2981791496276855,normal
170,32732.0,44.5,7.39192568405585,-16.660249710083008,-46.0,2471.994140625,43.005909657692854,3.756529969961185,1030.25,-578.25,-46.0,452.0,836.7471313476562,143.81536865234375,24.53745460510254,18.222423553466797,3.820704936981201,32.53067398071289,-2.837217330932617,10.058235168457031,-3.7700119018554688,6.893856048583984,-2.663350820541382,-1.482753038406372,-0.9950697422027588,normal
171,21164.0,42.75,7.629025937072336,7.7210001945495605,32.0,2589.165283203125,14.74026179645291,0.206579304282053,1377.0,-692.0,32.0,685.0,825.75830078125,118.90129089355469,32.53282165527344,38.982303619384766,10.201547622680664,34.295562744140625,-0.6038834452629089,20.369518280029297,-0.1309126615524292,10.995338439941406,-2.638427972793579,3.6544387340545654,4.1701812744140625,normal
172,23527.0,70.5,7.691605230923784,-13.863687515258789,-41.5,2961.053955078125,14.439909596732608,0.568877680023238,1468.25,-764.25,-41.5,704.0,829.0912475585938,126.77684783935547,37.71131896972656,39.933197021484375,9.410733222961426,36.38632583618164,1.0853979587554932,20.082843780517578,-1.1304364204406738,10.679034233093262,-3.678199291229248,0.6698265075683594,1.0604095458984375,normal
173,31417.0,43.0,7.596522941880992,-1.5114375352859497,-11.0,2749.4912109375,18.978564054590496,0.2079419842256262,1289.0,-680.0,-11.0,609.0,834.2745361328125,120.07078552246094,37.81963348388672,34.59115219116211,4.188436031341553,37.486541748046875,3.639957904815674,16.608165740966797,-0.5895372629165649,11.033119201660156,-2.7841672897338867,0.38291656970977783,0.994269609451294,normal
174,19665.0,53.5,7.668113647222787,-0.375062495470047,-29.0,2123.52490234375,14.808703228851943,0.9855154160392039,1568.5,-805.25,-29.0,763.25,832.7860107421875,120.87102508544922,18.791133880615234,35.751644134521484,21.887495040893555,34.6624870300293,-3.223243474960327,5.655803680419922,-3.876861572265625,3.0613131523132324,1.3575057983398438,3.4293322563171387,-1.654703140258789,normal
175,32767.0,45.25,7.962429461024253,-7.0582499504089355,72.0,5191.98974609375,13.912926384667777,0.2926413820066258,2138.25,-998.25,72.0,1140.0,882.0161743164062,142.8476104736328,26.298900604248047,45.21538543701172,14.332514762878418,25.593257904052734,3.0526063442230225,11.063919067382812,4.751664161682129,4.6781907081604,-2.2858026027679443,-6.224794387817383,-13.322192192077637,normal
176,32767.0,93.25,7.9258519666419165,8.976625442504883,84.5,5205.9150390625,14.5578627202914,0.19325424522046297,1984.0,-898.0,84.5,1086.0,878.5849609375,143.59283447265625,31.62721824645996,45.14396286010742,10.329602241516113,24.661602020263672,1.6735821962356567,12.975659370422363,7.822824001312256,7.886469841003418,-2.82313871383667,-7.271148681640625,-11.680123329162598,normal
177,19941.0,45.25,7.702543368034571,-16.778562545776367,-46.0,2970.296875,8.357770477885317,0.8638045705647905,1544.25,-832.0,-46.0,712.25,828.7724609375,158.41807556152344,24.742267608642578,35.240234375,-0.34451407194137573,23.77920913696289,-3.530728340148926,11.792848587036133,-0.1118442714214325,8.274194717407227,2.5866503715515137,5.5575666427612305,1.1649919748306274,normal
178,24095.0,76.5,7.681015030377077,-13.0024995803833,-53.0,3003.72607421875,17.49322126284201,0.20611750831832834,1445.0,-785.0,-53.0,660.0,833.7864990234375,146.25247192382812,27.57693099975586,39.58769226074219,-1.0603444576263428,24.97582244873047,-1.8897511959075928,13.650469779968262,1.4467029571533203,7.559761047363281,0.3760923743247986,3.6995768547058105,0.6275826692581177,normal
179,24042.0,48.5,7.717325374688081,8.400750160217285,-7.0,3290.392578125,13.962701371850986,-0.17772629261288497,1385.0,-707.0,-7.0,678.0,850.9794921875,135.58453369140625,23.626304626464844,49.12651062011719,3.5486998558044434,32.30529022216797,2.2626776695251465,14.030193328857422,-4.717374801635742,5.702035427093506,-3.905179023742676,0.5843623876571655,-1.4800039529800415,normal
180,22625.0,68.5,7.638125891219266,9.10474967956543,37.5,3070.093994140625,20.630321957503774,-0.7733136879238118,1230.0,-598.0,37.5,632.0,840.0307006835938,150.22621154785156,31.369848251342773,42.13060760498047,-7.479409217834473,19.36319351196289,-1.4105780124664307,16.69841766357422,5.295246601104736,12.781148910522461,0.4696009159088135,2.67110013961792,-0.44988584518432617,normal
181,21249.0,52.0,7.591194983685419,-15.322125434875488,-3.0,2906.613037109375,24.32269364968924,-1.1313584226586109,1157.0,-588.0,-3.0,569.0,836.4490966796875,143.4117431640625,33.70391082763672,41.01840591430664,-6.1649885177612305,20.753995895385742,-1.4420626163482666,16.487836837768555,4.955442428588867,12.989372253417969,-0.0073046088218688965,1.5554497241973877,-1.1022756099700928,normal
182,23748.0,52.25,7.683316724616856,-20.170686721801758,-18.0,3499.5986328125,18.43887350069574,-0.625833541033982,1295.25,-654.25,-18.0,641.0,812.8533325195312,166.6018829345703,43.491432189941406,33.5791015625,-6.042834281921387,25.735055923461914,2.2391557693481445,16.640579223632812,3.085559844970703,9.645956993103027,-1.1551532745361328,0.7311149835586548,0.6911408305168152,normal
183,11495.0,46.25,7.563553786761676,12.989749908447266,43.0,1757.4744873046875,9.070939341545994,-0.5640276424187202,1286.0,-617.0,43.0,669.0,832.88720703125,126.37753295898438,9.656834602355957,35.16560363769531,8.069119453430176,25.42186737060547,-7.981101036071777,8.980184555053711,4.204545497894287,11.104730606079102,1.5612637996673584,4.525464057922363,1.088057518005371,normal
184,28358.0,67.75,7.520126181090458,-14.754687309265137,-40.0,2863.052734375,18.446759897316642,0.6676735869963386,1176.0,-611.0,-40.0,565.0,849.00439453125,116.38191986083984,11.29543685913086,38.129730224609375,13.11067008972168,35.963706970214844,-4.916049003601074,10.527403831481934,3.31868314743042,10.45291519165039,-3.263115882873535,3.716395378112793,0.7008424997329712,normal
185,17205.0,23.25,7.1887191801999855,-8.992562294006348,-13.0,1650.1134033203125,20.55112892921821,1.1719034535212638,778.0,-412.0,-13.0,366.0,817.6533203125,89.705810546875,26.679162979125977,44.23068618774414,4.06865119934082,30.726703643798828,3.215791702270508,13.466754913330078,1.873727798461914,9.038494110107422,-0.3492916226387024,1.7187637090682983,0.21320700645446777,normal
186,16920.0,30.0,7.315196582934089,7.098374843597412,-19.0,1793.413818359375,16.492997015598238,0.6355228080129782,846.0,-432.0,-19.0,414.0,817.2677001953125,93.27205657958984,29.801528930664062,43.68838119506836,3.599879741668701,31.918699264526367,6.2737650871276855,16.089061737060547,3.503784418106079,9.561870574951172,-0.08062895387411118,1.9431885480880737,0.13277725875377655,normal
187,23962.0,120.0,7.331688825039531,-2.8867499828338623,-1.0,1707.62158203125,40.17565853786773,2.0835730800933088,976.0,-487.0,-1.0,489.0,840.5838623046875,130.0020294189453,11.121566772460938,14.357522010803223,9.61865234375,26.502208709716797,-11.903385162353516,8.19658088684082,-3.0572211742401123,1.0827610492706299,-1.9508731365203857,1.7119331359863281,-0.8209028840065002,normal
188,26710.0,120.0,7.340771092197276,-1.7593125104904175,9.0,1882.911865234375,51.08514567081744,2.7946070779283168,972.0,-483.0,9.0,489.0,837.33447265625,127.7516860961914,18.776611328125,13.425728797912598,2.9113917350769043,27.089853286743164,-6.853823661804199,8.474828720092773,-2.230133056640625,1.8488898277282715,-5.213443279266357,4.683370590209961,1.793514609336853,normal
189,32767.0,68.25,7.751305613886753,15.290624618530273,64.0,3806.425048828125,26.636442739235704,0.7136734909038348,1760.25,-869.25,64.0,891.0,830.7652587890625,109.37428283691406,31.235994338989258,50.8238639831543,11.327444076538086,24.372079849243164,2.7507781982421875,16.100208282470703,-3.457183361053467,14.780060768127441,3.2011799812316895,1.4613044261932373,0.3946878910064697,normal
190,32765.0,68.0,7.737401370422208,-16.66575050354004,-37.0,3815.017333984375,27.823772541775835,0.26801613719737183,1572.5,-794.25,-37.0,778.25,834.615234375,118.81748962402344,35.82270050048828,50.2738151550293,9.276904106140137,21.39857292175293,-2.6334266662597656,14.710653305053711,-3.56490421295166,13.840982437133789,3.220515489578247,2.5287365913391113,0.787960410118103,normal
191,32767.0,63.25,7.76786169164675,12.921625137329102,27.0,3903.882080078125,25.21027348653667,0.4075036144620381,1618.5,-814.25,27.0,804.25,844.1986083984375,121.85660552978516,35.22107696533203,47.70299530029297,6.032904148101807,19.875144958496094,-2.02909779548645,18.237821578979492,-1.6260056495666504,13.460110664367676,1.3137685060501099,1.0027283430099487,1.2083659172058105,normal
192,14738.0,222.75,7.38954876331982,-7.7676873207092285,-20.0,1516.8153076171875,11.817717434521679,0.17813561132421776,988.0,-516.0,-20.0,472.0,843.4867553710938,117.27206420898438,29.230419158935547,32.46302795410156,0.4242860674858093,18.085153579711914,-3.2553770542144775,10.021454811096191,-9.65068244934082,3.980715751647949,-4.814035415649414,0.8517341017723083,-3.4420204162597656,normal
193,32767.0,38.25,7.619962612432081,9.632437705993652,36.0,4218.2041015625,23.679573960357914,1.837261887249385,1368.25,-674.25,36.0,694.0,861.527099609375,131.90960693359375,29.833820343017578,34.9324951171875,10.052430152893066,25.943958282470703,3.0523619651794434,13.359237670898438,-0.144123375415802,9.782317161560059,4.5616841316223145,0.31593501567840576,-3.5706605911254883,normal
194,16731.0,61.25,7.622783777995685,-3.371187448501587,-1.0,2928.159423828125,42.95197463756872,-3.2690182751142687,1314.25,-674.0,-1.0,640.25,831.779052734375,134.8365020751953,22.9617977142334,37.91482925415039,21.010095596313477,24.615581512451172,-3.7684175968170166,16.54773712158203,0.24316257238388062,8.431815147399902,0.30416202545166016,-3.2894301414489746,-4.273334503173828,normal
195,21949.0,61.0,7.581038484938153,-9.591625213623047,-23.0,2804.55419921875,44.47806126195297,-2.98209416825894,1232.0,-630.0,-23.0,602.0,832.32666015625,136.73837280273438,19.257938385009766,37.67345428466797,20.382225036621094,22.43963623046875,-6.311188697814941,15.932769775390625,-1.3333814144134521,8.502992630004883,1.5847907066345215,-3.1004786491394043,-4.527348518371582,normal
196,30362.0,95.5,7.339456384488222,20.680686950683594,36.0,3127.499755859375,24.326978418375806,1.3053652409438419,928.0,-439.0,36.0,489.0,863.7453002929688,166.77493286132812,23.40949249267578,28.283321380615234,-9.478044509887695,23.559566497802734,-6.706761360168457,10.544891357421875,-5.157419681549072,1.3000251054763794,-5.516298770904541,-0.01964263617992401,-2.649470090866089,normal
197,32538.0,64.5,7.2634134207675025,-2.1478750705718994,0.0,3364.898681640625,25.89582711498664,1.2975752085958234,810.25,-406.25,0.0,404.0,857.6873779296875,164.01214599609375,25.9188289642334,32.482154846191406,-7.421910285949707,26.125499725341797,-3.3784775733947754,11.389659881591797,-6.605857849121094,-3.910098075866699,-6.964415073394775,-1.56097412109375,0.7928625345230103,normal
198,32767.0,51.5,7.767110764682913,6.345749855041504,-1.0,4401.00634765625,17.242305398121815,1.17863645507296,1628.25,-863.0,-1.0,765.25,847.1959228515625,164.28848266601562,33.0811767578125,44.105873107910156,6.874821662902832,19.155357360839844,-5.537059307098389,11.724702835083008,-1.0635862350463867,6.19749116897583,0.9138306379318237,2.8031420707702637,-2.5075736045837402,normal
199,9064.0,57.0,7.257064714561928,-4.809750080108643,-25.0,1221.206787109375,11.064739783060352,0.5280726317391923,885.25,-456.25,-25.0,429.0,781.8228149414062,111.80717468261719,14.819180488586426,33.58561706542969,18.90401840209961,42.70647430419922,-3.903371810913086,9.625564575195312,-0.19692902266979218,9.459441184997559,0.47437357902526855,2.0804812908172607,1.3688925504684448,normal
200,10710.0,35.0,7.203342457441583,13.19937515258789,-7.0,1551.8553466796875,11.220802018440322,0.8278168150135623,808.0,-414.0,-7.0,394.0,788.5259399414062,123.77545166015625,16.848407745361328,32.36848449707031,18.801273345947266,44.7310791015625,-3.204005479812622,11.054540634155273,-0.2803210914134979,8.881515502929688,-0.1372530311346054,3.4911627769470215,2.093841075897217,normal
201,18638.0,60.5,6.9591082165458165,-14.443312644958496,-14.0,1720.821533203125,47.333328627604374,-0.06422402064167207,591.0,-310.0,-14.0,281.0,819.2029418945312,135.17459106445312,-2.7858428955078125,24.65073013305664,5.400639533996582,32.350486755371094,-0.18337127566337585,4.769393444061279,-7.783224105834961,11.383525848388672,1.6621170043945312,1.740666151046753,-6.355192184448242,normal
202,23622.0,54.0,7.13423855197818,-21.351499557495117,-34.0,2152.733642578125,36.439102030116175,1.6907198595474067,702.0,-383.0,-34.0,319.0,808.2000122070312,135.34463500976562,5.234414100646973,32.55766677856445,12.242725372314453,36.811283111572266,5.062623023986816,8.436121940612793,-4.320738792419434,10.757729530334473,3.6651315689086914,2.4214353561401367,-4.798879623413086,normal
203,23562.0,58.5,7.406574426944925,-16.900188446044922,-36.0,1961.12255859375,29.570843005810453,1.0593875407188502,999.0,-524.0,-36.0,475.0,838.656982421875,129.35101318359375,30.198123931884766,29.038005828857422,-1.0266252756118774,28.285703659057617,-1.646191120147705,9.194175720214844,-7.020491600036621,6.536728858947754,-3.8684558868408203,-2.7808260917663574,-2.41550612449646,normal
204,32767.0,40.5,7.703639164683175,-5.269124984741211,88.5,6467.87451171875,13.12001067938403,0.05010968398725707,1498.0,-700.0,88.5,798.0,916.8046875,143.81195068359375,15.635342597961426,39.971527099609375,8.24660873413086,19.850622177124023,-2.3235397338867188,12.409357070922852,3.457076072692871,8.62392807006836,2.253755569458008,3.896476984024048,1.1686067581176758,normal
205,32767.0,72.75,7.817024203750995,3.7611875534057617,60.0,5213.60205078125,16.57915076841928,-0.06744621252083957,1579.0,-750.0,60.0,829.0,894.215087890625,147.19052124023438,24.1121883392334,40.282981872558594,7.345847129821777,23.741952896118164,0.47272634506225586,12.276209831237793,-3.360985279083252,8.59306526184082,-1.9789364337921143,0.9932104349136353,-2.6333279609680176,normal
206,20856.0,37.25,7.474670759953349,-12.132187843322754,-57.0,2175.391357421875,21.070459950920533,1.410801307125493,1116.25,-614.25,-57.0,502.0,861.4136962890625,102.63215637207031,12.818107604980469,40.881256103515625,9.181177139282227,36.45459747314453,6.526253700256348,13.544136047363281,-6.006585597991943,7.801908016204834,0.8896992206573486,0.9107346534729004,-2.4045510292053223,normal
207,4280.0,173.5,6.709816959433553,19.065874099731445,26.0,575.7756958007812,13.826869605392726,-0.36920028279170086,503.0,-230.0,26.0,273.0,814.36572265625,83.64252471923828,25.766429901123047,34.97843551635742,-4.643285751342773,10.140138626098633,-5.583937644958496,10.669049263000488,-6.931735515594482,4.212861061096191,-3.7423901557922363,-0.6450563669204712,-4.0715012550354,normal
208,21633.0,70.25,7.6367096205212865,4.0735626220703125,14.0,2276.212158203125,11.847356362660475,0.675471073886927,1397.5,-697.25,14.0,700.25,810.56591796875,145.5545654296875,16.666093826293945,33.781070709228516,21.567089080810547,26.458507537841797,-1.0318434238433838,17.78059196472168,-3.2836883068084717,6.600282669067383,-2.0104005336761475,2.2516050338745117,1.1617228984832764,normal
209,32767.0,69.25,7.525415759611421,13.295687675476074,25.0,4196.0703125,29.487514855410353,1.4383224334776505,1191.0,-583.0,25.0,608.0,853.1424560546875,145.45867919921875,25.925106048583984,34.97883605957031,1.2180507183074951,31.639057159423828,-1.487386703491211,10.708198547363281,-2.054701805114746,4.855403900146484,-0.39945945143699646,3.399372100830078,-2.1518688201904297,normal
210,21731.0,81.0,7.34791927014586,-9.274937629699707,0.0,2533.395263671875,53.4440090432499,-2.5298452845112034,955.25,-482.0,0.0,473.25,834.9039306640625,145.20022583007812,13.23874282836914,35.2430305480957,13.88528823852539,21.288400650024414,-10.983566284179688,7.15701961517334,-4.7072858810424805,5.057617664337158,-4.023036956787109,3.145176410675049,4.086960792541504,normal
211,19512.0,81.5,7.405840910782387,-23.682750701904297,-29.5,2389.703369140625,51.55425969146755,-2.5105063364501135,950.25,-493.25,-29.5,457.0,827.0299072265625,149.86514282226562,18.3692569732666,30.334667205810547,9.050765991210938,18.250930786132812,-11.708430290222168,6.733623027801514,-5.511176109313965,5.0728254318237305,-3.474086284637451,2.9968080520629883,4.707960605621338,normal
212,32764.0,38.75,7.709438108373517,0.5923125147819519,-4.0,5046.43994140625,14.35018407709649,-0.16277315354639638,1388.25,-699.25,-4.0,689.0,846.1689453125,156.6108856201172,30.45294189453125,35.4945068359375,7.837463855743408,28.398225784301758,3.4083399772644043,12.568950653076172,5.757166385650635,11.564264297485352,-4.269613265991211,1.2159689664840698,-1.4370076656341553,normal
213,32767.0,40.0,7.891899698013821,9.798687934875488,38.0,5104.302734375,14.570260904396928,-0.18489007662754242,1802.0,-876.0,38.0,926.0,859.4109497070312,161.99905395507812,28.230220794677734,28.953960418701172,7.957631587982178,26.513530731201172,1.1401907205581665,13.00836181640625,4.489433288574219,12.791166305541992,-0.7090368866920471,-1.0647540092468262,-0.6214659214019775,normal
214,9540.0,49.5,7.2162374019479865,2.950812578201294,-10.0,1491.75244140625,13.904722099488232,-0.1882669833529555,801.0,-407.0,-10.0,394.0,795.6001586914062,87.48695373535156,22.871028900146484,39.35475540161133,7.435263633728027,37.082393646240234,5.753595352172852,14.933238983154297,3.66611909866333,15.861281394958496,2.4731409549713135,7.9762678146362305,4.42032527923584,normal
215,32767.0,102.5,6.945075357483566,34.99274826049805,52.0,2827.11474609375,80.43953685276433,0.1707151847311318,556.0,-228.0,52.0,328.0,860.0533447265625,97.6467514038086,19.01407814025879,38.380496978759766,-4.997440814971924,17.366891860961914,-3.5713415145874023,7.485165596008301,-1.1631627082824707,6.604297161102295,-4.36337947845459,-6.4969706535339355,-5.715448379516602,normal
216,14644.0,34.0,7.018506471995351,4.375625133514404,-2.0,1479.35888671875,22.839845598787036,1.1930859180050408,614.0,-317.0,-2.0,297.0,808.172119140625,91.73574829101562,25.701292037963867,35.5484504699707,9.862016677856445,26.496448516845703,2.376020669937134,17.083641052246094,1.0261412858963013,7.904685020446777,-1.9040958881378174,3.909191846847534,-0.19466572999954224,normal
217,32767.0,99.75,7.833373603290935,7.484375,25.0,5013.9443359375,17.9709179655572,0.5837249681129171,1533.25,-725.25,25.0,808.0,887.9552001953125,138.76138305664062,22.375274658203125,47.25543212890625,16.80499267578125,25.884368896484375,-4.209545135498047,10.679945945739746,-2.6843361854553223,4.233547210693359,2.431715965270996,2.2187256813049316,-0.791534423828125,normal
218,32767.0,50.0,7.868293440537481,-8.694812774658203,-6.0,4904.90283203125,17.699393703152396,0.4663384172145895,1481.0,-663.0,-6.0,818.0,872.9495849609375,135.13137817382812,29.489681243896484,52.152442932128906,17.253786087036133,25.880212783813477,-3.7058725357055664,9.806536674499512,-2.091899871826172,4.817058086395264,3.124748706817627,3.0921454429626465,-1.0126912593841553,normal
219,32767.0,94.5,7.740701617128351,3.5013749599456787,44.0,5008.677734375,17.504238130307083,0.6332389821331955,1310.25,-598.25,44.0,712.0,883.5501708984375,142.06829833984375,24.472312927246094,48.724876403808594,12.15911865234375,26.173521041870117,-3.587252378463745,9.240169525146484,-2.7652230262756348,4.300671577453613,1.4870421886444092,2.463212490081787,-1.1757508516311646,normal
220,18639.0,54.75,7.596517127387179,-29.222000122070312,-29.0,2950.28466796875,34.76325336486065,-2.629315130524746,1041.0,-524.0,-29.0,517.0,846.3677978515625,131.76100158691406,35.38347625732422,41.78678894042969,-2.6286399364471436,27.887062072753906,2.7752761840820312,15.869924545288086,0.6412253379821777,6.884955406188965,-1.941540241241455,-4.403632164001465,-2.4298880100250244,normal
221,19280.0,60.75,7.575946018781762,-16.70743751525879,-11.0,2862.64990234375,29.86181095492809,-2.2388365628015268,1033.0,-502.0,-11.0,531.0,843.443359375,132.7464599609375,35.99976348876953,39.961517333984375,-3.6612660884857178,27.543354034423828,0.849915623664856,17.49706268310547,2.441068649291992,8.116209983825684,-0.6328388452529907,-4.438507080078125,-4.0711774826049805,normal
222,21471.0,55.25,7.6349741365760195,-7.715624809265137,-9.5,2932.4150390625,23.686068958557236,-1.6849747974294416,1066.25,-518.0,-9.5,548.25,853.7942504882812,137.50942993164062,28.846080780029297,35.56702423095703,-3.3980307579040527,28.339017868041992,-0.05762451887130737,16.474605560302734,2.1103272438049316,9.23841667175293,2.502659797668457,-1.3475574254989624,-1.7468206882476807,normal
223,32587.0,30.25,7.627023378534554,-20.43718719482422,-52.0,3100.39892578125,28.690945408341072,2.1418264674695706,1316.25,-666.0,-52.0,650.25,876.95751953125,134.72842407226562,12.6995849609375,36.26519775390625,1.0542675256729126,24.944660186767578,-0.031129568815231323,15.11056137084961,-1.6417248249053955,9.162397384643555,1.0107083320617676,-2.6865549087524414,-3.368715763092041,normal
224,32767.0,44.5,7.560458829401027,14.996999740600586,88.0,4885.4990234375,20.305040584485436,1.0462026577272243,1141.25,-501.0,88.0,640.25,888.6444702148438,133.26068115234375,24.922346115112305,43.7629280090332,10.468720436096191,25.19034194946289,0.5042200684547424,8.21488094329834,0.9782024621963501,7.673685073852539,-1.3259638547897339,-2.9003472328186035,-0.9874913096427917,normal
225,32767.0,39.0,7.54914024947003,41.46762466430664,126.0,4786.36376953125,19.54274459189845,0.972987917883808,1087.0,-423.0,126.0,664.0,881.7199096679688,129.3460235595703,30.63309097290039,44.163169860839844,9.7277250289917,26.438447952270508,-0.31706503033638,6.545032501220703,2.311586856842041,8.867761611938477,-2.1028966903686523,-2.639983654022217,0.8040269613265991,normal
226,20438.0,75.75,7.38695715147788,3.354374885559082,-7.0,2459.753662109375,21.514848723439577,-0.5081035690817861,950.25,-483.25,-7.0,467.0,822.8150634765625,132.7906494140625,25.527372360229492,27.73535919189453,17.08713722229004,31.28986930847168,-8.976188659667969,6.904825210571289,-4.499484539031982,5.343790054321289,-2.579653024673462,3.384584426879883,0.19113394618034363,normal
227,22840.0,51.75,7.443854066424135,2.632499933242798,0.0,2412.390380859375,22.05584974687751,-0.6010360405447294,1032.0,-517.0,0.0,515.0,826.7135009765625,140.57070922851562,17.849998474121094,30.176666259765625,14.794330596923828,27.44772720336914,-5.8134074211120605,9.418376922607422,-5.1099348068237305,7.776703357696533,-2.5651907920837402,2.456468343734741,-1.3147189617156982,normal
228,32767.0,53.75,7.639459486492839,6.9704999923706055,-2.0,4013.35888671875,21.315694848920813,0.5838081316974646,1305.25,-633.25,-2.0,672.0,847.4923706054688,111.60997772216797,29.13620376586914,52.520904541015625,14.218046188354492,28.686717987060547,2.3570780754089355,15.513114929199219,-0.5343064069747925,4.098552703857422,-0.5311228036880493,2.7868435382843018,-3.9788756370544434,normal
229,32767.0,56.75,7.541242987627604,-13.850375175476074,-22.5,3918.6328125,20.921530386891572,1.052305664657015,1165.25,-607.25,-22.5,558.0,844.2471923828125,116.53834533691406,29.612070083618164,47.617103576660156,14.234062194824219,28.920612335205078,-0.052096545696258545,13.023641586303711,-0.0969664454460144,5.000491619110107,0.7436417937278748,1.5526981353759766,-5.015719890594482,normal
230,32767.0,85.5,7.692536557777873,-0.8558750152587891,-29.0,4474.8515625,17.41428390889505,1.2897254913188727,1486.0,-790.0,-29.0,696.0,896.0704345703125,150.16542053222656,17.10141372680664,25.116247177124023,1.0191547870635986,20.003049850463867,4.0782270431518555,13.522371292114258,0.20899757742881775,4.3583173751831055,-2.5914130210876465,3.215188980102539,-2.272368907928467,normal
231,28839.0,51.5,7.5764227851478845,1.11899995803833,23.0,2515.018798828125,28.417159766620237,0.9836532116914023,1292.0,-648.0,23.0,644.0,847.1453857421875,129.6885986328125,18.95779800415039,35.68719482421875,13.702873229980469,28.066722869873047,-8.361152648925781,6.725490570068359,-2.9373650550842285,9.861310958862305,3.589078903198242,2.920475482940674,-1.0470057725906372,normal
232,32767.0,52.25,8.057967364128233,0.6028125286102295,-25.0,7349.6806640625,8.661391346330468,0.16994380988681343,2240.0,-1147.0,-25.0,1093.0,892.693603515625,164.22006225585938,23.448671340942383,36.02806854248047,9.813621520996094,28.12403106689453,1.170332431793213,12.960756301879883,3.3034234046936035,6.713494300842285,-3.288139820098877,2.2818610668182373,0.24625229835510254,normal
233,23117.0,27.5,7.530464018691082,11.093250274658203,7.0,2779.08447265625,17.195637940227744,-0.9490758765874606,1001.25,-501.25,7.0,500.0,840.5223999023438,126.30348205566406,40.916507720947266,30.159013748168945,5.161997318267822,32.218353271484375,-10.300997734069824,8.144729614257812,-4.459729194641113,11.127311706542969,-0.41363525390625,5.346653461456299,0.16719533503055573,normal
234,11127.0,30.75,7.435371825628038,19.764312744140625,22.0,1701.37158203125,17.3987366155744,-1.4910829697587307,1035.0,-498.0,22.0,537.0,808.34716796875,90.53018188476562,20.662364959716797,48.48501968383789,11.32046127319336,30.17136001586914,9.909148216247559,21.0289363861084,2.682229518890381,11.437509536743164,3.6101043224334717,-0.3973138630390167,1.775180697441101,normal
235,31643.0,27.75,7.757804597465249,3.374375104904175,-14.0,4175.2353515625,19.20403734066168,-0.06184491150503594,1526.0,-783.0,-14.0,743.0,814.61279296875,157.7096405029297,16.02090835571289,41.99358367919922,18.065536499023438,36.34590530395508,4.533649444580078,13.160442352294922,2.9718666076660156,10.709746360778809,-1.5619100332260132,-2.461735963821411,-1.0302190780639648,normal
236,32764.0,67.75,7.613802167512855,3.2249999046325684,9.0,3612.384765625,21.348551629279562,1.7673784626270246,1245.0,-624.0,9.0,621.0,803.6939697265625,154.090576171875,33.889122009277344,46.690826416015625,8.114724159240723,30.31184196472168,2.2591452598571777,8.954523086547852,1.1718302965164185,10.98267650604248,0.532991349697113,0.8660179376602173,-4.435748100280762,normal
237,32765.0,71.0,7.842334435145843,-4.255937576293945,-41.0,4528.28369140625,13.635450531769585,0.07202069663666602,1603.25,-824.25,-41.0,779.0,870.052490234375,139.19125366210938,23.347742080688477,34.36792755126953,10.895244598388672,30.762449264526367,-0.39958637952804565,14.985647201538086,2.0051724910736084,9.271379470825195,-0.7752624750137329,0.47791939973831177,-4.075526237487793,normal
238,13692.0,55.75,6.881905211284801,-3.3524999618530273,0.0,1418.5318603515625,20.85752542103992,0.06573455175355639,511.25,-260.0,0.0,251.25,803.04736328125,65.92263793945312,23.560302734375,48.121158599853516,10.35145378112793,18.19620132446289,-1.4200040102005005,19.176244735717773,-0.33860552310943604,9.818567276000977,-0.567018985748291,3.5991501808166504,1.342718482017517,normal
239,7061.0,55.25,6.905708519252948,13.155437469482422,11.0,1128.706787109375,13.924590235634795,-0.47141207368518395,523.0,-246.0,11.0,277.0,801.5455322265625,68.03081512451172,23.904911041259766,47.211551666259766,9.45755386352539,18.145057678222656,-3.522310733795166,18.68256378173828,1.5710768699645996,9.27560806274414,-0.12324792146682739,2.4448466300964355,-0.5381719470024109,normal
240,32767.0,73.75,7.850754560323837,2.5597500801086426,-17.0,5787.6689453125,12.792753452003748,0.43533483369842646,1629.25,-819.0,-17.0,810.25,879.6968994140625,168.77304077148438,20.092269897460938,31.688034057617188,7.6509199142456055,21.85878562927246,7.673772811889648,20.875267028808594,7.091727256774902,3.7668893337249756,-5.91666316986084,-6.293616771697998,-2.9915313720703125,normal
241,26690.0,52.75,7.604675620839188,-6.481874942779541,-16.0,2948.559326171875,14.886205156689954,0.29843466233700616,1259.25,-645.25,-16.0,614.0,880.1864013671875,129.97743225097656,17.035385131835938,38.114479064941406,0.3747347593307495,23.189105987548828,4.542924404144287,10.84024715423584,-14.184946060180664,3.779170036315918,-1.7109825611114502,0.07116305828094482,-1.4633251428604126,normal
242,17957.0,29.25,7.28498066448249,12.665624618530273,-6.0,2006.95703125,19.926181687104343,1.2949423040208148,792.0,-388.0,-6.0,404.0,869.6065673828125,119.45822143554688,16.447843551635742,45.13736343383789,-8.846644401550293,24.08880615234375,-4.202689170837402,17.07923698425293,-2.227515697479248,5.758192539215088,-6.197365760803223,-1.3045291900634766,-5.033032417297363,normal
243,19878.0,59.75,7.33860653729862,-13.488875389099121,-14.0,2352.171142578125,19.900560019544987,1.2457447050254893,837.0,-433.0,-14.0,404.0,866.776611328125,131.47264099121094,12.289487838745117,42.705379486083984,-5.214633941650391,20.64096450805664,-2.0331246852874756,14.29206657409668,-1.4765701293945312,7.834665298461914,-5.593931198120117,-0.5284768342971802,-4.261423110961914,normal
244,18229.0,52.75,7.804776664766586,8.976249694824219,44.0,3917.118408203125,12.266331661788021,-0.9025738423719006,1606.25,-766.25,44.0,840.0,836.69677734375,153.92654418945312,31.743938446044922,38.02049255371094,17.231943130493164,20.737194061279297,-2.8902578353881836,16.173629760742188,1.084794282913208,12.475532531738281,1.1292083263397217,-0.8275585174560547,-2.3056282997131348,normal
245,20619.0,52.0,7.703755090842286,21.834312438964844,31.0,3516.5390625,15.303831387135798,-1.1245450763623754,1468.0,-699.0,31.0,769.0,832.6275634765625,151.04132080078125,25.470157623291016,38.392478942871094,22.257572174072266,21.506410598754883,-4.012917995452881,16.038999557495117,0.8483886122703552,11.118800163269043,0.9887664318084717,-0.34281331300735474,-1.8709371089935303,normal
246,32764.0,41.5,7.911234528352059,-1.0898125171661377,-19.0,5055.17138671875,13.333272345352842,0.9724049685367185,1934.25,-979.25,-19.0,955.0,855.6078491210938,164.4145050048828,22.876689910888672,41.72260284423828,29.3145751953125,25.82560157775879,-5.846716403961182,12.277986526489258,-5.542695999145508,2.3502864837646484,0.7981609106063843,-0.8037658929824829,-0.06567233800888062,normal
247,13578.0,24.5,7.78958087904302,3.217562437057495,14.0,2546.79931640625,10.44959001029784,-0.6865778138586575,1659.5,-834.25,14.0,825.25,841.110595703125,163.25653076171875,7.538954734802246,32.90147399902344,21.274559020996094,19.167831420898438,-4.649532794952393,11.347538948059082,-5.345711708068848,5.7833685874938965,-0.11662766337394714,0.5893286466598511,-2.609687328338623,normal
248,13960.0,24.75,7.775132700258562,15.725625038146973,21.0,2586.87158203125,10.420651610007033,-0.7435445672216218,1630.25,-808.0,21.0,822.25,847.2490234375,162.0459442138672,9.997931480407715,30.89227867126465,15.124124526977539,19.647388458251953,-3.589327812194824,11.77756118774414,-4.4821929931640625,4.755356788635254,-0.6831589341163635,0.4859934151172638,-2.1922411918640137,normal
249,32124.0,34.25,7.298271766263429,-8.679875373840332,-23.0,2753.95849609375,44.119631509129654,3.447970186620926,917.25,-501.25,-23.0,416.0,830.2335205078125,123.58123016357422,21.943763732910156,24.70566749572754,17.798744201660156,31.726842880249023,-4.72953987121582,11.104768753051758,-1.298842430114746,4.558476448059082,-1.217639684677124,0.3462045192718506,-3.293074131011963,normal
250,27565.0,62.75,7.50917245209015,0.1498125046491623,13.0,2923.993896484375,21.36666901943558,-0.4640726118813062,1093.25,-546.0,13.0,547.25,837.4227294921875,113.38768005371094,28.12947654724121,47.23407745361328,17.469152450561523,34.60753631591797,-8.151812553405762,8.097528457641602,-4.963804244995117,11.305915832519531,0.09091094136238098,-0.532538652420044,-4.764441967010498,normal
251,23812.0,78.5,7.133844658914584,6.62918758392334,-6.0,2209.640869140625,33.398506820655264,0.480388013000193,702.25,-360.0,-6.0,342.25,807.779052734375,82.26322174072266,26.938400268554688,50.32670593261719,12.662036895751953,37.737247467041016,11.353445053100586,16.149290084838867,-0.6703224182128906,9.832080841064453,3.045351505279541,3.6431496143341064,-0.04248294234275818,normal
